-- phpMyAdmin SQL Dump
-- version 5.2.3
-- https://www.phpmyadmin.net/
--
-- Хост: db
-- Время создания: Ноя 23 2025 г., 16:21
-- Версия сервера: 8.0.43
-- Версия PHP: 8.3.26

SET SQL_MODE = "NO_AUTO_VALUE_ON_ZERO";
START TRANSACTION;
SET time_zone = "+00:00";


/*!40101 SET @OLD_CHARACTER_SET_CLIENT=@@CHARACTER_SET_CLIENT */;
/*!40101 SET @OLD_CHARACTER_SET_RESULTS=@@CHARACTER_SET_RESULTS */;
/*!40101 SET @OLD_COLLATION_CONNECTION=@@COLLATION_CONNECTION */;
/*!40101 SET NAMES utf8mb4 */;

--
-- База данных: `KitOper`
--

-- --------------------------------------------------------

--
-- Структура таблицы `cache`
--

CREATE TABLE `cache` (
  `key` varchar(255) COLLATE utf8mb4_unicode_ci NOT NULL,
  `value` mediumtext COLLATE utf8mb4_unicode_ci NOT NULL,
  `expiration` int NOT NULL
) ENGINE=InnoDB DEFAULT CHARSET=utf8mb4 COLLATE=utf8mb4_unicode_ci;

-- --------------------------------------------------------

--
-- Структура таблицы `cache_locks`
--

CREATE TABLE `cache_locks` (
  `key` varchar(255) COLLATE utf8mb4_unicode_ci NOT NULL,
  `owner` varchar(255) COLLATE utf8mb4_unicode_ci NOT NULL,
  `expiration` int NOT NULL
) ENGINE=InnoDB DEFAULT CHARSET=utf8mb4 COLLATE=utf8mb4_unicode_ci;

-- --------------------------------------------------------

--
-- Структура таблицы `failed_jobs`
--

CREATE TABLE `failed_jobs` (
  `id` bigint UNSIGNED NOT NULL,
  `uuid` varchar(255) COLLATE utf8mb4_unicode_ci NOT NULL,
  `connection` text COLLATE utf8mb4_unicode_ci NOT NULL,
  `queue` text COLLATE utf8mb4_unicode_ci NOT NULL,
  `payload` longtext COLLATE utf8mb4_unicode_ci NOT NULL,
  `exception` longtext COLLATE utf8mb4_unicode_ci NOT NULL,
  `failed_at` timestamp NOT NULL DEFAULT CURRENT_TIMESTAMP
) ENGINE=InnoDB DEFAULT CHARSET=utf8mb4 COLLATE=utf8mb4_unicode_ci;

-- --------------------------------------------------------

--
-- Структура таблицы `first_course_schedules`
--

CREATE TABLE `first_course_schedules` (
  `id` bigint UNSIGNED NOT NULL,
  `study_day` enum('Понедельник','Вторник','Среда','Четверг','Пятница') COLLATE utf8mb4_unicode_ci NOT NULL,
  `lesson_number` tinyint UNSIGNED NOT NULL,
  `group_id` bigint UNSIGNED NOT NULL,
  `subject_id` bigint UNSIGNED DEFAULT NULL,
  `teacher_id` bigint UNSIGNED DEFAULT NULL,
  `room_id` bigint UNSIGNED DEFAULT NULL,
  `subgroup` varchar(1) COLLATE utf8mb4_unicode_ci DEFAULT NULL,
  `is_replacement` tinyint(1) NOT NULL DEFAULT '0',
  `created_at` timestamp NULL DEFAULT NULL,
  `updated_at` timestamp NULL DEFAULT NULL
) ENGINE=InnoDB DEFAULT CHARSET=utf8mb4 COLLATE=utf8mb4_unicode_ci;

-- --------------------------------------------------------

--
-- Структура таблицы `first_course_subjects`
--

CREATE TABLE `first_course_subjects` (
  `id` bigint UNSIGNED NOT NULL,
  `module_title` varchar(255) COLLATE utf8mb4_unicode_ci DEFAULT NULL,
  `module_index` int DEFAULT NULL,
  `subject_name` varchar(255) COLLATE utf8mb4_unicode_ci DEFAULT NULL,
  `name_ru` varchar(255) COLLATE utf8mb4_unicode_ci DEFAULT NULL,
  `name_kz` varchar(255) COLLATE utf8mb4_unicode_ci DEFAULT NULL,
  `created_at` timestamp NULL DEFAULT CURRENT_TIMESTAMP,
  `updated_at` timestamp NULL DEFAULT CURRENT_TIMESTAMP ON UPDATE CURRENT_TIMESTAMP
) ENGINE=InnoDB DEFAULT CHARSET=utf8mb4 COLLATE=utf8mb4_unicode_ci;

--
-- Дамп данных таблицы `first_course_subjects`
--

INSERT INTO `first_course_subjects` (`id`, `module_title`, `module_index`, `subject_name`, `name_ru`, `name_kz`, `created_at`, `updated_at`) VALUES
(1, 'ООД 1', 1, 'Русский язык', 'Русский язык', 'Орыс тілі', '2025-11-23 14:15:39', '2025-11-23 16:03:20'),
(2, 'ООД 2', 2, 'Русская литература', 'Русская литература', 'Орыс әдебиеті', '2025-11-23 14:15:39', '2025-11-23 16:03:20'),
(3, 'ООД 3', 3, 'Казахский язык и литература', 'Казахский язык и литература', 'Қазақ тілі мен әдебиеті', '2025-11-23 14:15:39', '2025-11-23 16:03:20'),
(4, 'ООД 4', 4, 'Иностранный язык', 'Иностранный язык', 'Шет тілі', '2025-11-23 14:15:39', '2025-11-23 16:03:20'),
(5, 'ООД 5', 5, 'Математика', 'Математика', 'Математика', '2025-11-23 14:15:39', '2025-11-23 16:03:20'),
(6, 'ООД 6', 6, 'Информатика', 'Информатика', 'Информатика', '2025-11-23 14:15:39', '2025-11-23 16:03:20'),
(7, 'ООД 7', 7, 'История Казахстана', 'История Казахстана', 'Қазақстан тарихы', '2025-11-23 14:15:39', '2025-11-23 16:03:20'),
(8, 'ООД 8', 8, 'Физическая культура', 'Физическая культура', 'Дене тәрбиесі', '2025-11-23 14:15:39', '2025-11-23 16:03:20'),
(9, 'ООД 9', 9, 'НВТП', 'НВТП', 'НВТП', '2025-11-23 14:15:39', '2025-11-23 16:03:20'),
(10, 'ООД 10', 10, 'Физика', 'Физика', 'Физика', '2025-11-23 14:15:39', '2025-11-23 16:03:20'),
(11, 'ООД 11', 11, 'Химия', 'Химия', 'Химия', '2025-11-23 14:15:39', '2025-11-23 16:03:20'),
(12, 'ООД 12', 12, 'Биология', 'Биология', 'Биология', '2025-11-23 14:15:39', '2025-11-23 16:03:20'),
(13, 'ООД 13', 13, 'География', 'География', 'География', '2025-11-23 14:15:39', '2025-11-23 16:03:20'),
(14, 'ООД 14', 14, 'Графика и проектирование', 'Графика и проектирование', 'Графика және жобалау', '2025-11-23 14:15:39', '2025-11-23 16:03:20'),
(15, 'ООД 15', 15, 'Всемирная история', 'Всемирная история', 'Дүниежүзі тарихы', '2025-11-23 14:15:39', '2025-11-23 16:03:20'),
(16, 'ООД 16', 16, 'Глобальные компетенции', 'Глобальные компетенции', 'Ғаламдық құзыреттер', '2025-11-23 14:15:39', '2025-11-23 16:03:20'),
(17, 'ООД 17', 17, 'Қазақ тілі', 'Қазақ тілі', 'Қазақ тілі', '2025-11-23 14:15:39', '2025-11-23 16:03:20'),
(18, 'ООД 18', 18, 'Қазақ әдебиеті', 'Қазақ әдебиеті', 'Қазақ әдебиеті', '2025-11-23 14:15:39', '2025-11-23 16:03:20'),
(19, 'ООД 19', 19, 'Орыс тілі', 'Орыс тілі', 'Орыс тілі', '2025-11-23 14:15:39', '2025-11-23 16:03:20'),
(20, 'ООД 20', 20, 'Орыс тілі және әдебиеті', 'Орыс тілі және әдебиеті', 'Орыс тілі және әдебиеті', '2025-11-23 14:15:39', '2025-11-23 16:03:20'),
(21, 'ООД 21', 21, 'Қазақстан тарихы', 'Қазақстан тарихы', 'Қазақстан тарихы', '2025-11-23 14:15:39', '2025-11-23 16:03:20'),
(22, 'ООД 22', 22, 'Дүниежүзі тарихы', 'Дүниежүзі тарихы', 'Дүниежүзі тарихы', '2025-11-23 14:15:39', '2025-11-23 16:03:20'),
(23, 'ООД 23', 23, 'Дене тәрбиесі', 'Дене тәрбиесі', 'Дене тәрбиесі', '2025-11-23 14:15:39', '2025-11-23 16:03:20'),
(24, 'ООД 24', 24, 'Графика және жобалау', 'Графика және жобалау', 'Графика және жобалау', '2025-11-23 14:15:39', '2025-11-23 16:03:20'),
(25, 'ООД 25', 25, 'БӘжТД', 'БӘжТД', 'БӘжТД', '2025-11-23 14:15:39', '2025-11-23 16:03:20'),
(26, 'ООД 26', 26, 'НВиТП', 'НВиТП', 'НВиТП', '2025-11-23 14:15:39', '2025-11-23 16:03:20'),
(27, 'ООД 27', 27, 'НВТП', 'НВТП', 'НВТП', '2025-11-23 14:15:39', '2025-11-23 16:03:20'),
(28, 'ООД 28', 28, 'Шет тілі', 'Шет тілі', 'Шет тілі', '2025-11-23 14:15:39', '2025-11-23 16:03:20'),
(29, NULL, NULL, 'Косбармаков А.Д.', 'Косбармаков А.Д.', NULL, '2025-11-23 16:05:47', '2025-11-23 16:05:47'),
(30, NULL, NULL, 'Казахский язык и литература Нурмагамбетова ЛБ.', 'Казахский язык и литература Нурмагамбетова ЛБ.', NULL, '2025-11-23 16:05:47', '2025-11-23 16:05:47'),
(31, NULL, NULL, 'Мынгышева А.А.', 'Мынгышева А.А.', NULL, '2025-11-23 16:05:47', '2025-11-23 16:05:47'),
(32, NULL, NULL, 'Жотеков А.Ш.', 'Жотеков А.Ш.', NULL, '2025-11-23 16:05:47', '2025-11-23 16:05:47'),
(33, NULL, NULL, 'Ахмедьянова А.М.', 'Ахмедьянова А.М.', NULL, '2025-11-23 16:05:47', '2025-11-23 16:05:47'),
(34, NULL, NULL, 'Казахский язык', 'Казахский язык', NULL, '2025-11-23 16:05:47', '2025-11-23 16:05:47'),
(35, NULL, NULL, 'Рахметова М.А.', 'Рахметова М.А.', NULL, '2025-11-23 16:05:47', '2025-11-23 16:05:47'),
(36, NULL, NULL, 'Орыс тілі және әдәбиеті', 'Орыс тілі және әдәбиеті', NULL, '2025-11-23 16:05:47', '2025-11-23 16:05:47'),
(37, NULL, NULL, 'Серёгина Е.А.', 'Серёгина Е.А.', NULL, '2025-11-23 16:05:47', '2025-11-23 16:05:47'),
(38, NULL, NULL, 'БЖәД', 'БЖәД', NULL, '2025-11-23 16:05:47', '2025-11-23 16:05:47');

--
-- Триггеры `first_course_subjects`
--
DELIMITER $$
CREATE TRIGGER `trg_fcs_before_insert` BEFORE INSERT ON `first_course_subjects` FOR EACH ROW BEGIN
    IF NEW.name_ru IS NULL THEN
      SET NEW.name_ru = NEW.subject_name;
    END IF;
  END
$$
DELIMITER ;

-- --------------------------------------------------------

--
-- Структура таблицы `frist_course_teachers`
--

CREATE TABLE `frist_course_teachers` (
  `id` bigint UNSIGNED NOT NULL,
  `initials` varchar(20) CHARACTER SET utf8mb4 COLLATE utf8mb4_unicode_ci DEFAULT NULL,
  `teacher_name` varchar(255) CHARACTER SET utf8mb4 COLLATE utf8mb4_unicode_ci DEFAULT NULL,
  `created_at` timestamp NULL DEFAULT NULL,
  `updated_at` timestamp NULL DEFAULT NULL
) ENGINE=InnoDB DEFAULT CHARSET=utf8mb4 COLLATE=utf8mb4_unicode_ci;

--
-- Дамп данных таблицы `frist_course_teachers`
--

INSERT INTO `frist_course_teachers` (`id`, `initials`, `teacher_name`, `created_at`, `updated_at`) VALUES
(1, 'Айнабекова Б.О.', 'Айнабекова Б.О.', NULL, NULL),
(2, 'Алдажуманов Т.К.', 'Алдажуманов Т.К.', NULL, NULL),
(3, 'Алданов Р.А.', 'Алданов Р.А.', NULL, NULL),
(4, 'Альдекенов Т.С.', 'Альдекенов Т.С.', NULL, NULL),
(5, 'Арыкова А.А.', 'Арыкова А.А.', NULL, NULL),
(6, 'Ахмедьянова А.М.', 'Ахмедьянова А.М.', NULL, NULL),
(7, 'Ахменова А.Е.', 'Ахменова А.Е.', NULL, NULL),
(9, 'Аяпберген Н.Е.', 'Аяпберген Н.Е.', NULL, NULL),
(10, 'Баймухамбетов Б.В.', 'Баймухамбетов Б.В.', NULL, NULL),
(11, 'Бондарь В.Н.', 'Бондарь В.Н.', NULL, NULL),
(12, 'Бралина М.Д.', 'Бралина М.Д.', NULL, NULL),
(14, 'Жагапарова Г.С.', 'Жагапарова Г.С.', NULL, NULL),
(16, 'Жамбұл А.Қ.', 'Жамбұл А.Қ.', NULL, NULL),
(17, 'Жотеков А.Ш.', 'Жотеков А.Ш.', NULL, NULL),
(18, 'Иванова И.Н.', 'Иванова И.Н.', NULL, NULL),
(19, 'Измайлова Е.В.', 'Измайлова Е.В.', NULL, NULL),
(20, 'Канагатова М.С.', 'Канагатова М.С.', NULL, NULL),
(21, 'Карпаева Л.Б.', 'Карпаева Л.Б.', NULL, NULL),
(22, 'Косбармаков А.Д.', 'Косбармаков А.Д.', NULL, NULL),
(23, 'Ксембаева Д.М.', 'Ксембаева Д.М.', NULL, NULL),
(24, 'Кульмуратов А.К.', 'Кульмуратов А.К.', NULL, NULL),
(25, 'Курмангазина А.Ж.', 'Курмангазина А.Ж.', NULL, NULL),
(26, 'Курмангалина А.Ж.', 'Курмангалина А.Ж.', NULL, NULL),
(27, 'Мадениятова Г.Д.', 'Мадениятова Г.Д.', NULL, NULL),
(28, 'Молгаждарова М.К.', 'Молгаждарова М.К.', NULL, NULL),
(29, 'Мухамеджанова К.Б.', 'Мухамеджанова К.Б.', NULL, NULL),
(30, 'Мухамедьярова А.И.', 'Мухамедьярова А.И.', NULL, NULL),
(31, 'Мухаметжанова К.Б.', 'Мухаметжанова К.Б.', NULL, NULL),
(32, 'Мынгышева А.А.', 'Мынгышева А.А.', NULL, NULL),
(33, 'Нестеров И.Ю.', 'Нестеров И.Ю.', NULL, NULL),
(34, 'Нурмагамбетова Л.Б.', 'Нурмагамбетова Л.Б.', NULL, NULL),
(35, 'Нурмагамбетова Н.С.', 'Нурмагамбетова Н.С.', NULL, NULL),
(36, 'Нұрпейіс Н.Т.', 'Нұрпейіс Н.Т.', NULL, NULL),
(37, 'Окенов Р.Н.', 'Окенов Р.Н.', NULL, NULL),
(38, 'Пилипенко А.А.', 'Пилипенко А.А.', NULL, NULL),
(39, 'Рахметова М.А.', 'Рахметова М.А.', NULL, NULL),
(40, 'Серёгина Е.А.', 'Серёгина Е.А.', NULL, NULL),
(41, 'Солтанова А.М.', 'Солтанова А.М.', NULL, NULL),
(42, 'Султангазинова Д.С.', 'Султангазинова Д.С.', NULL, NULL),
(43, 'Табулдинов Б.К.', 'Табулдинов Б.К.', NULL, NULL),
(44, 'Тауымова А.Е.', 'Тауымова А.Е.', NULL, NULL),
(45, 'Трубецкая Т.Н.', 'Трубецкая Т.Н.', NULL, NULL),
(46, 'вакансия', 'вакансия', NULL, NULL);

-- --------------------------------------------------------

--
-- Структура таблицы `groups`
--

CREATE TABLE `groups` (
  `id` bigint UNSIGNED NOT NULL,
  `group_name` varchar(255) COLLATE utf8mb4_unicode_ci NOT NULL,
  `specialty_id` bigint UNSIGNED NOT NULL,
  `year` tinyint UNSIGNED NOT NULL,
  `group_number` tinyint UNSIGNED NOT NULL,
  `subgroup` varchar(1) COLLATE utf8mb4_unicode_ci DEFAULT NULL,
  `created_at` timestamp NULL DEFAULT NULL,
  `updated_at` timestamp NULL DEFAULT NULL
) ENGINE=InnoDB DEFAULT CHARSET=utf8mb4 COLLATE=utf8mb4_unicode_ci;

--
-- Дамп данных таблицы `groups`
--

INSERT INTO `groups` (`id`, `group_name`, `specialty_id`, `year`, `group_number`, `subgroup`, `created_at`, `updated_at`) VALUES
(161, 'БҚЕ-214', 1, 2, 1, NULL, NULL, NULL),
(162, 'БҚЕ-224', 1, 2, 2, NULL, NULL, NULL),
(163, 'ПО-234', 1, 2, 3, NULL, NULL, NULL),
(164, 'ПО-244', 1, 2, 4, NULL, NULL, NULL),
(165, 'ПО-254', 1, 2, 5, NULL, NULL, NULL),
(166, 'ПО-264', 1, 2, 6, NULL, NULL, NULL),
(167, 'ПО-274', 1, 2, 7, NULL, NULL, NULL),
(168, 'ПО-284', 1, 2, 8, NULL, NULL, NULL),
(169, 'АҚЖ-214', 2, 2, 9, NULL, NULL, NULL),
(170, 'СИБ-224', 2, 2, 10, NULL, NULL, NULL),
(171, 'СИБ-234', 2, 2, 11, NULL, NULL, NULL),
(172, 'СИБ-244', 2, 2, 12, NULL, NULL, NULL),
(173, 'М-214', 3, 2, 13, NULL, NULL, NULL),
(174, 'М-224', 3, 2, 14, NULL, NULL, NULL),
(175, 'М-234', 3, 2, 15, NULL, NULL, NULL),
(176, 'ТЭ-214', 4, 2, 16, NULL, NULL, NULL),
(177, 'ПО-303', 1, 3, 17, NULL, NULL, NULL),
(178, 'БҚЕ-313', 1, 3, 18, NULL, NULL, NULL),
(179, 'БҚЕ-323', 1, 3, 19, NULL, NULL, NULL),
(180, 'БҚЕ-333', 1, 3, 20, NULL, NULL, NULL),
(181, 'ПО-313', 1, 3, 21, NULL, NULL, NULL),
(182, 'ПО-323', 1, 3, 22, NULL, NULL, NULL),
(183, 'ПО-333', 1, 3, 23, NULL, NULL, NULL),
(184, 'ПО-343', 1, 3, 24, NULL, NULL, NULL),
(185, 'ПО-353', 1, 3, 25, NULL, NULL, NULL),
(186, 'ПО-363', 1, 3, 26, NULL, NULL, NULL),
(187, 'ПО-373', 1, 3, 27, NULL, NULL, NULL),
(188, 'ПО-383', 1, 3, 28, NULL, NULL, NULL),
(189, 'ПО-393', 1, 3, 29, NULL, NULL, NULL),
(190, 'БҚЕ-312', 1, 3, 30, NULL, NULL, NULL),
(191, 'БҚЕ-322', 1, 3, 31, NULL, NULL, NULL),
(192, 'БҚЕ-332', 1, 3, 32, NULL, NULL, NULL),
(193, 'ПО-332', 1, 3, 33, NULL, NULL, NULL),
(194, 'ПО-342', 1, 1, 34, NULL, NULL, NULL),
(195, 'ПО-352', 1, 3, 35, NULL, NULL, NULL),
(196, 'ПО-362', 1, 3, 36, NULL, NULL, NULL),
(197, 'ПО-372', 1, 3, 37, NULL, NULL, NULL),
(198, 'ПО-382', 1, 3, 38, NULL, NULL, NULL),
(199, 'ПО-392', 1, 3, 39, NULL, NULL, NULL),
(200, 'АҚЖ-312', 2, 3, 40, NULL, NULL, NULL),
(201, 'СИБ-322', 2, 3, 41, NULL, NULL, NULL),
(202, 'СИБ-332', 2, 3, 42, NULL, NULL, NULL),
(203, 'М-312', 3, 3, 43, NULL, NULL, NULL),
(204, 'М-322', 3, 3, 44, NULL, NULL, NULL),
(205, 'М-332', 3, 3, 45, NULL, NULL, NULL),
(206, 'ТЭ-312 ДО', 4, 3, 46, NULL, NULL, NULL),
(207, 'ТЭ-422', 4, 4, 47, NULL, NULL, NULL),
(208, 'ТЭ-411', 4, 4, 48, NULL, NULL, NULL),
(209, 'ТЭ-421', 4, 4, 49, NULL, NULL, NULL),
(210, 'СИБ-313', 2, 3, 50, NULL, NULL, NULL),
(211, 'СИБ-323', 2, 3, 51, NULL, NULL, NULL),
(212, 'АҚЖ-313', 2, 3, 52, NULL, NULL, NULL),
(213, 'М-343', 3, 3, 53, NULL, NULL, NULL),
(214, 'ТЭ-313', 4, 3, 54, NULL, NULL, NULL),
(215, 'ТЭ-323', 4, 3, 55, NULL, NULL, NULL),
(216, 'М-313', 3, 3, 56, NULL, NULL, NULL),
(217, 'М-323', 3, 3, 57, NULL, NULL, NULL),
(218, 'М-333', 3, 3, 58, NULL, NULL, NULL),
(219, 'СИБ-333', 2, 3, 59, NULL, NULL, NULL),
(220, 'ТЭ-115', 3, 1, 60, NULL, NULL, NULL),
(221, 'БҚЕ-115', 1, 1, 61, NULL, NULL, NULL),
(222, 'БҚЕ-125', 1, 1, 62, NULL, NULL, NULL),
(223, 'БҚЕ-135', 1, 1, 63, NULL, NULL, NULL),
(224, 'ПО-145', 1, 1, 64, NULL, NULL, NULL),
(225, 'ПО-155', 1, 1, 65, NULL, NULL, NULL),
(226, 'ПО-165', 1, 1, 66, NULL, NULL, NULL),
(227, 'ПО-175ц', 1, 1, 67, NULL, NULL, NULL),
(228, 'ПО-185п', 1, 1, 68, NULL, NULL, NULL),
(229, 'ПО(в)-195', 1, 1, 69, NULL, NULL, NULL),
(230, 'АҚЖ-115', 2, 1, 70, NULL, NULL, NULL),
(231, 'СИБ-125', 2, 1, 71, NULL, NULL, NULL),
(232, 'СИБ-135', 2, 1, 72, NULL, NULL, NULL),
(233, 'М-115', 3, 1, 73, NULL, NULL, NULL),
(234, 'М-125', 3, 1, 74, NULL, NULL, NULL),
(235, 'М-135', 3, 1, 75, NULL, NULL, NULL),
(236, 'АҚЖ-125', 2, 1, 76, NULL, NULL, NULL),
(237, 'СИБ-145', 2, 1, 77, NULL, NULL, NULL),
(238, 'ПО-115', 1, 1, 0, NULL, '2025-11-23 16:03:26', '2025-11-23 16:03:26'),
(239, 'ПО-175', 1, 1, 0, NULL, '2025-11-23 16:03:26', '2025-11-23 16:03:26'),
(240, 'ПО-185', 1, 1, 0, NULL, '2025-11-23 16:05:47', '2025-11-23 16:05:47'),
(241, 'ПО - 195', 1, 1, 0, NULL, '2025-11-23 16:05:47', '2025-11-23 16:05:47');

-- --------------------------------------------------------

--
-- Структура таблицы `history_schedule_changes`
--

CREATE TABLE `history_schedule_changes` (
  `id` bigint UNSIGNED NOT NULL,
  `schedule_id` bigint UNSIGNED NOT NULL,
  `action_type` enum('create','update_teacher','update_room','update_subject','replacement','delete') COLLATE utf8mb4_unicode_ci NOT NULL,
  `old_value` json DEFAULT NULL,
  `new_value` json DEFAULT NULL,
  `changed_by` bigint DEFAULT NULL,
  `created_at` timestamp NOT NULL DEFAULT CURRENT_TIMESTAMP
) ENGINE=InnoDB DEFAULT CHARSET=utf8mb4 COLLATE=utf8mb4_unicode_ci;

-- --------------------------------------------------------

--
-- Структура таблицы `jobs`
--

CREATE TABLE `jobs` (
  `id` bigint UNSIGNED NOT NULL,
  `queue` varchar(255) COLLATE utf8mb4_unicode_ci NOT NULL,
  `payload` longtext COLLATE utf8mb4_unicode_ci NOT NULL,
  `attempts` tinyint UNSIGNED NOT NULL,
  `reserved_at` int UNSIGNED DEFAULT NULL,
  `available_at` int UNSIGNED NOT NULL,
  `created_at` int UNSIGNED NOT NULL
) ENGINE=InnoDB DEFAULT CHARSET=utf8mb4 COLLATE=utf8mb4_unicode_ci;

-- --------------------------------------------------------

--
-- Структура таблицы `job_batches`
--

CREATE TABLE `job_batches` (
  `id` varchar(255) COLLATE utf8mb4_unicode_ci NOT NULL,
  `name` varchar(255) COLLATE utf8mb4_unicode_ci NOT NULL,
  `total_jobs` int NOT NULL,
  `pending_jobs` int NOT NULL,
  `failed_jobs` int NOT NULL,
  `failed_job_ids` longtext COLLATE utf8mb4_unicode_ci NOT NULL,
  `options` mediumtext COLLATE utf8mb4_unicode_ci,
  `cancelled_at` int DEFAULT NULL,
  `created_at` int NOT NULL,
  `finished_at` int DEFAULT NULL
) ENGINE=InnoDB DEFAULT CHARSET=utf8mb4 COLLATE=utf8mb4_unicode_ci;

-- --------------------------------------------------------

--
-- Структура таблицы `migrations`
--

CREATE TABLE `migrations` (
  `id` int UNSIGNED NOT NULL,
  `migration` varchar(255) COLLATE utf8mb4_unicode_ci NOT NULL,
  `batch` int NOT NULL
) ENGINE=InnoDB DEFAULT CHARSET=utf8mb4 COLLATE=utf8mb4_unicode_ci;

--
-- Дамп данных таблицы `migrations`
--

INSERT INTO `migrations` (`id`, `migration`, `batch`) VALUES
(1, '0001_01_01_000000_create_users_table', 1),
(2, '0001_01_01_000001_create_cache_table', 1),
(3, '0001_01_01_000002_create_jobs_table', 1),
(4, '2025_11_21_101500_create_specialties_table', 1),
(5, '2025_11_21_101508_create_groups_table', 1),
(6, '2025_11_21_101520_create_modules_table', 1),
(7, '2025_11_21_101535_create_subjects_table', 1),
(8, '2025_11_21_101541_create_teachers_table', 1),
(9, '2025_11_21_101544_create_rooms_table', 1),
(10, '2025_11_21_101702_create_schedules_table', 1),
(11, '2025_11_21_103642_create_teacher_replacements_table', 1),
(12, '2025_11_21_114433_create_teacher_work_days_table', 1),
(13, '2025_11_21_114723_create_teacher_work_hours_table', 1),
(14, '2025_02_15_000001_create_teacher_absences_table', 2),
(15, '2025_02_15_000002_create_schedule_replacements_table', 3),
(16, '2025_02_15_000003_create_history_schedule_changes_table', 4),
(17, '2025_02_15_000004_add_is_replacement_to_schedules_table', 5),
(18, '2025_11_21_000003_create_first_course_subjects_table', 5);

-- --------------------------------------------------------

--
-- Структура таблицы `modules`
--

CREATE TABLE `modules` (
  `id` bigint UNSIGNED NOT NULL,
  `module_title` varchar(255) COLLATE utf8mb4_unicode_ci NOT NULL,
  `module_index` int UNSIGNED DEFAULT NULL,
  `module_name` varchar(255) COLLATE utf8mb4_unicode_ci NOT NULL,
  `created_at` timestamp NULL DEFAULT NULL,
  `updated_at` timestamp NULL DEFAULT NULL
) ENGINE=InnoDB DEFAULT CHARSET=utf8mb4 COLLATE=utf8mb4_unicode_ci;

--
-- Дамп данных таблицы `modules`
--

INSERT INTO `modules` (`id`, `module_title`, `module_index`, `module_name`, `created_at`, `updated_at`) VALUES
(1, 'ООД 1', 1, 'Русский язык', '2025-08-08 20:14:00', '2025-08-08 20:14:00'),
(2, 'ООД 2', 2, 'Русская литература', '2025-08-08 20:14:00', '2025-08-08 20:14:00'),
(3, 'ООД 3', 3, 'Казахский язык и литература', '2025-08-08 20:14:00', '2025-08-08 20:14:00'),
(4, 'ООД 4', 4, 'Иностранный язык', '2025-08-08 20:14:00', '2025-08-08 20:14:00'),
(5, 'ООД 5', 5, 'Математика', '2025-08-08 20:14:00', '2025-08-08 20:14:00'),
(6, 'ООД 6', 6, 'Информатика', '2025-08-08 20:14:00', '2025-08-08 20:14:00'),
(7, 'ООД 7', 7, 'История Казахстана', '2025-08-08 20:14:00', '2025-08-08 20:14:00'),
(8, 'ООД 8', 8, 'Физическая культура', '2025-08-08 20:14:00', '2025-08-08 20:14:00'),
(9, 'ООД 9', 9, 'Начальная военная и технологическая подготовка', '2025-08-08 20:14:00', '2025-08-08 20:14:00'),
(10, 'ООД 10', 10, 'Физика', '2025-08-08 20:14:00', '2025-08-08 20:14:00'),
(11, 'ООД 11', 11, 'Химия', '2025-08-08 20:14:00', '2025-08-08 20:14:00'),
(12, 'ООД 12', 12, 'Биология', '2025-08-08 20:14:00', '2025-08-08 20:14:00'),
(13, 'ООД 13', 13, 'География', '2025-08-08 20:14:00', '2025-08-08 20:14:00'),
(14, 'ООД 14', 14, 'Графика и проектирование', '2025-08-08 20:14:00', '2025-08-08 20:14:00'),
(15, 'ООД 15', 15, 'Всемирная история', '2025-08-08 20:14:00', '2025-08-08 20:14:00'),
(16, 'ООД 16', 16, 'Гобальные компетенции', '2025-08-08 20:14:00', '2025-08-08 20:14:00'),
(17, 'БМ 01', 17, 'Развитие и совершенствование физических качеств', NULL, NULL),
(18, 'БМ 02', 18, 'Применение информационно-коммуникационных и цифровых технологий', NULL, NULL),
(19, 'БМ 03', 19, 'Применение базовых знаний экономики и основ предпринимательства ', NULL, NULL),
(20, 'БМ 05', 20, 'Применение профессиональной лексики в сфере профессиональной деятельности', NULL, NULL),
(21, 'ПМ 01', 21, 'Создание макета и дизайна пользовательского интерфейса, разработка дизайна цифровых реальностей.', NULL, NULL),
(22, 'ПМ 02', 22, 'Разработка и администрирование web-ресурсов.', NULL, NULL),
(24, 'БМ 04', 23, 'Применение основ социальных наук для социализации и адаптации в обществе и трудовом коллективе', NULL, NULL),
(25, 'ПМ 04', 24, 'Установка и сопровождение программного и аппаратного обеспечения', NULL, NULL),
(27, 'ПМ 06', 25, 'Техническая поддержка и сопровождение программных решений', NULL, NULL),
(28, 'ПМ 07', 26, 'Чтение цифровых и аналоговых схем, создание программного кода для микроконтроллеров', NULL, NULL),
(29, 'ПМ 08', 27, 'Установка, настройка программного обеспечения и обеспечение функционирования базы данных', NULL, NULL),
(30, 'ПМ 09', 28, 'Управление ресурсами облака и обслуживание облачной инфраструктуры', NULL, NULL),
(31, 'ПМ 10', 29, 'Техническая поддержка и сопровождение автоматизированной информационной системы', NULL, NULL),
(32, 'ПМ 11', 30, 'Обеспечение информационной безопасности организации', NULL, NULL),
(33, 'ПМ 12', 31, 'Разработка и создание веб-страниц с применением веб-дизайна', NULL, NULL),
(34, 'ПМ 04', 32, 'Администрирование и поддержка работоспособности программно-аппаратных средств защиты информации и обеспечения информационной безопасности ', NULL, NULL),
(35, 'ПМ 04', 33, 'Участие в управлении трудовыми ресурсами', NULL, NULL),
(36, 'ПМ 05', 34, 'Участие в управлении финансовыми ресурсами фирмы', NULL, NULL),
(51, 'ПМ 03.', 35, 'Разработка программных решений', NULL, NULL),
(52, 'ПМ 01', 36, 'Организация эффективной деловой среды для выполнения трудовых функций работниками организации', NULL, NULL),
(53, 'ПМ 02', 37, 'Содействие продвижению товаров (работ, услуг) на рынке и формированию имиджа и деловой репутации', NULL, NULL),
(54, 'ПМ 03', 38, 'Работа в программах продвижения и  ведение профилей в социальных сетях. ', NULL, NULL),
(55, 'ПМ 01', 39, 'Подготовка электрооборудования к монтажу (выполнение нулевого цикла)', NULL, NULL),
(56, 'ПМ 02', 40, 'Выполнение монтажных работ', NULL, NULL),
(57, 'ПМ 03', 41, 'Поддержание электрооборудования в исправном и работоспособном состоянии', NULL, NULL),
(58, 'ПМ 07', 42, 'Организация монтажа, коммутации, программирования в промышленной отрасли', NULL, NULL),
(59, 'ПМ 05', 43, 'Организация технического и оперативного обслуживания', NULL, NULL),
(60, 'ПМ 06', 44, 'Организация наладки схем и устранение дефектов в устройствах средств защиты и приборах автоматики и телемеханики', NULL, NULL),
(61, 'ПМ 04', 45, 'Монтаж и обслуживание компьютерных сетей', NULL, NULL),
(62, 'ПМ 5.', 46, 'Создание 3D моделей и проектирование робототехнических систем', NULL, NULL),
(71, 'ПМ 2', 47, 'Разработка скриптов автоматизации и системных приложений', NULL, NULL),
(72, 'ПМ 3', 48, 'Испытание и контроль защищенности информации', NULL, NULL),
(73, 'ПМ 4', 49, 'Восстановление работоспособности  информационных систем', NULL, NULL),
(74, 'ПМ 5', 50, 'Настройка аппаратно-программных системы защиты', NULL, NULL),
(75, 'ПМ 6', 51, 'Разработка и внедрение политик информационной безопасности', NULL, NULL),
(76, 'ПМ 7', 52, 'Техническая поддержка и сопровождение инфраструктуры предприятия', NULL, NULL),
(77, 'ПМ 1', 53, 'Организация рабочего пространства, создание и обеспечение оптимальных условий выполнения трудовых функций работниками организации', NULL, NULL),
(78, 'ПМ 2', 54, 'Оказание помощи в продвижении бренда компании, проведение маркетинговых мероприятий в социальных сетях.', NULL, NULL),
(79, 'ПМ 1', 55, 'СИБМонтаж и обслуживание компьютерных сетей', NULL, NULL),
(82, 'ПМ 3', 56, 'Выполнение работ в программах продвижения и ведение профилей в социальных сетях.', NULL, NULL),
(83, 'ПМ 1', 57, 'Планирование и разработка проекта монтажа с учетом современных экологических  и промышленных условий безопасности труда', NULL, NULL),
(84, 'ПМ 2', 58, 'Выполнение электромонтажных работ', NULL, NULL),
(85, 'ПМ 3', 59, 'Выполнение технической эксплуатации и ремонт электрооборудования', NULL, NULL),
(86, 'ПМ 4', 60, 'Проведение испытаний и наладки электрооборудования', NULL, NULL),
(87, 'ПМ 5', 61, 'Контролирование технических параметров работающего электрооборудования с последующим вводом в эксплуатацию', NULL, NULL),
(88, 'ПМ 6', 62, 'Поддержание технического состояния электрооборудования', NULL, NULL),
(89, 'ПМ 4', 63, 'Организация и планирование производства', NULL, NULL),
(92, 'БМ 3', 64, 'М.Применение базовых знаний экономики и основ предпринимательства', NULL, NULL),
(100, 'ООД 01', 65, 'Казахский язык', NULL, NULL),
(101, 'ООД 02', 66, 'Казахская литература', NULL, NULL),
(102, 'ООД 03', 67, 'Русский язык и этика', NULL, NULL);

-- --------------------------------------------------------

--
-- Структура таблицы `password_reset_tokens`
--

CREATE TABLE `password_reset_tokens` (
  `email` varchar(255) COLLATE utf8mb4_unicode_ci NOT NULL,
  `token` varchar(255) COLLATE utf8mb4_unicode_ci NOT NULL,
  `created_at` timestamp NULL DEFAULT NULL
) ENGINE=InnoDB DEFAULT CHARSET=utf8mb4 COLLATE=utf8mb4_unicode_ci;

-- --------------------------------------------------------

--
-- Структура таблицы `rooms`
--

CREATE TABLE `rooms` (
  `id` bigint UNSIGNED NOT NULL,
  `room_name` varchar(255) COLLATE utf8mb4_unicode_ci NOT NULL,
  `room_number` int NOT NULL,
  `building` enum('Главный','IT-HUB','Общежитие') COLLATE utf8mb4_unicode_ci NOT NULL,
  `created_at` timestamp NULL DEFAULT NULL,
  `updated_at` timestamp NULL DEFAULT NULL
) ENGINE=InnoDB DEFAULT CHARSET=utf8mb4 COLLATE=utf8mb4_unicode_ci;

--
-- Дамп данных таблицы `rooms`
--

INSERT INTO `rooms` (`id`, `room_name`, `room_number`, `building`, `created_at`, `updated_at`) VALUES
(1, '3-d sculpting', 1, 'Главный', NULL, NULL),
(2, 'IT-решения ', 2, 'Главный', NULL, NULL),
(3, 'Приклодной графики ', 3, 'Главный', NULL, NULL),
(4, 'Разработке мобильных приложений ', 4, 'Главный', NULL, NULL),
(5, 'Экономический дисциплин ', 5, 'Главный', NULL, NULL),
(6, 'Информационных дисциплин', 6, 'Главный', NULL, NULL),
(7, 'История', 7, 'Главный', NULL, NULL),
(8, 'Казахский язык', 8, 'Главный', NULL, NULL),
(9, 'Математика', 9, 'Главный', NULL, NULL),
(10, 'Английский язык ', 1, 'Главный', NULL, NULL),
(11, 'Спорт зал ', 0, 'Главный', NULL, NULL),
(12, 'Актовый зал', 0, 'Главный', NULL, NULL),
(43, 'Лаборатория графического дизайна', 1, 'IT-HUB', NULL, NULL),
(44, 'Лаборатория Web-дизайна', 3, 'IT-HUB', NULL, NULL),
(45, 'Лаборатория числового программного управления', 2, 'IT-HUB', NULL, NULL),
(46, 'Лаборатория Сетевого и системного администрирования', 4, 'IT-HUB', NULL, NULL),
(47, 'Лаборатория 3D прототипирования', 5, 'IT-HUB', NULL, NULL),
(48, 'Лаборатория робототехники', 6, 'IT-HUB', NULL, NULL),
(49, 'Лаборатория фото-видео производства', 1, 'IT-HUB', NULL, NULL),
(50, 'Производственный цех', 0, 'IT-HUB', NULL, NULL),
(51, 'Кинозал', 0, 'IT-HUB', NULL, NULL),
(52, 'Амфитеатр', 0, 'IT-HUB', NULL, NULL),
(53, 'НВТП', 12, 'Общежитие', NULL, NULL),
(54, 'Информатики', 20, 'Общежитие', NULL, NULL),
(55, 'Русского языка', 21, 'Общежитие', NULL, NULL),
(56, 'Казахского языка', 22, 'Общежитие', NULL, NULL),
(57, 'Математики', 23, 'Общежитие', NULL, NULL),
(58, 'Экономических дисциплин', 24, 'Общежитие', NULL, NULL),
(59, 'Английского языка', 24, 'Общежитие', NULL, NULL),
(60, 'Физики', 25, 'Общежитие', NULL, NULL),
(61, 'истории/географии', 26, 'Общежитие', NULL, NULL),
(62, 'Экономики', 27, 'Общежитие', NULL, NULL),
(63, 'Общепрофессиональных дисциплин', 28, 'Общежитие', NULL, NULL),
(64, 'химии/биологии', 29, 'Общежитие', NULL, NULL),
(65, 'Казахского языка', 30, 'Общежитие', NULL, NULL),
(66, 'кабинет черчения', 30, 'Общежитие', NULL, NULL),
(67, 'Русского языка', 31, 'Общежитие', NULL, NULL),
(68, 'Специальных дисциплин', 31, 'Общежитие', NULL, NULL),
(69, 'Информационных технологий', 32, 'Общежитие', NULL, NULL),
(70, 'Английского языка', 33, 'Общежитие', NULL, NULL),
(71, 'Права и обществознания', 34, 'Общежитие', NULL, NULL),
(72, 'казахского языка', 36, 'Общежитие', NULL, NULL),
(73, 'Информационных технологий', 37, 'Общежитие', NULL, NULL),
(74, 'информационных технологий', 38, 'Общежитие', NULL, NULL),
(75, 'Библиотека', 0, 'Общежитие', NULL, NULL),
(76, 'Экономики', 35, 'Общежитие', NULL, NULL);

-- --------------------------------------------------------

--
-- Структура таблицы `schedules`
--

CREATE TABLE `schedules` (
  `id` bigint UNSIGNED NOT NULL,
  `study_day` enum('Понедельник','Вторник','Среда','Четверг','Пятница') COLLATE utf8mb4_unicode_ci NOT NULL,
  `lesson_number` tinyint UNSIGNED NOT NULL,
  `group_id` bigint UNSIGNED DEFAULT NULL,
  `module_id` bigint UNSIGNED DEFAULT NULL,
  `subject_id` bigint UNSIGNED DEFAULT NULL,
  `teacher_id` bigint UNSIGNED DEFAULT NULL,
  `room_id` bigint UNSIGNED DEFAULT NULL,
  `subgroup` varchar(1) COLLATE utf8mb4_unicode_ci DEFAULT NULL,
  `is_replacement` tinyint(1) NOT NULL DEFAULT '0',
  `created_at` timestamp NULL DEFAULT NULL,
  `updated_at` timestamp NULL DEFAULT NULL
) ENGINE=InnoDB DEFAULT CHARSET=utf8mb4 COLLATE=utf8mb4_unicode_ci;

--
-- Дамп данных таблицы `schedules`
--

INSERT INTO `schedules` (`id`, `study_day`, `lesson_number`, `group_id`, `module_id`, `subject_id`, `teacher_id`, `room_id`, `subgroup`, `is_replacement`, `created_at`, `updated_at`) VALUES
(1, 'Понедельник', 1, 220, NULL, NULL, 34, NULL, NULL, 0, '2025-11-23 15:29:24', '2025-11-23 15:29:24'),
(2, 'Понедельник', 1, 221, NULL, NULL, 32, NULL, NULL, 0, '2025-11-23 15:29:24', '2025-11-23 15:29:24'),
(3, 'Понедельник', 1, 222, NULL, NULL, NULL, NULL, 'A', 0, '2025-11-23 15:29:24', '2025-11-23 15:29:24'),
(4, 'Понедельник', 1, 222, NULL, NULL, 118, NULL, 'B', 0, '2025-11-23 15:29:24', '2025-11-23 15:29:24'),
(5, 'Понедельник', 1, 223, NULL, NULL, 69, NULL, NULL, 0, '2025-11-23 15:29:24', '2025-11-23 15:29:24'),
(6, 'Понедельник', 1, 224, NULL, NULL, NULL, NULL, 'A', 0, '2025-11-23 15:29:24', '2025-11-23 15:29:24'),
(7, 'Понедельник', 1, 224, NULL, NULL, 33, NULL, 'B', 0, '2025-11-23 15:29:24', '2025-11-23 15:29:24'),
(8, 'Понедельник', 1, 225, NULL, NULL, 20, NULL, NULL, 0, '2025-11-23 15:29:24', '2025-11-23 15:29:24'),
(9, 'Понедельник', 1, 226, NULL, NULL, 117, NULL, NULL, 0, '2025-11-23 15:29:24', '2025-11-23 15:29:24'),
(10, 'Понедельник', 1, 230, NULL, NULL, NULL, NULL, 'A', 0, '2025-11-23 15:29:24', '2025-11-23 15:29:24'),
(11, 'Понедельник', 1, 230, NULL, NULL, 75, NULL, 'B', 0, '2025-11-23 15:29:24', '2025-11-23 15:29:24'),
(12, 'Понедельник', 1, 236, NULL, NULL, NULL, NULL, 'A', 0, '2025-11-23 15:29:24', '2025-11-23 15:29:24'),
(13, 'Понедельник', 1, 236, NULL, NULL, NULL, NULL, 'B', 0, '2025-11-23 15:29:24', '2025-11-23 15:29:24'),
(14, 'Понедельник', 1, 232, NULL, NULL, NULL, NULL, 'A', 0, '2025-11-23 15:29:24', '2025-11-23 15:29:24'),
(15, 'Понедельник', 1, 232, NULL, NULL, NULL, NULL, 'B', 0, '2025-11-23 15:29:24', '2025-11-23 15:29:24'),
(16, 'Понедельник', 1, 237, NULL, NULL, 103, NULL, NULL, 0, '2025-11-23 15:29:24', '2025-11-23 15:29:24'),
(17, 'Понедельник', 1, 233, NULL, NULL, NULL, NULL, 'A', 0, '2025-11-23 15:29:24', '2025-11-23 15:29:24'),
(18, 'Понедельник', 1, 233, NULL, NULL, 93, NULL, 'B', 0, '2025-11-23 15:29:24', '2025-11-23 15:29:24'),
(19, 'Понедельник', 1, 233, NULL, NULL, 112, NULL, 'C', 0, '2025-11-23 15:29:24', '2025-11-23 15:29:24'),
(20, 'Понедельник', 1, 234, NULL, NULL, 74, NULL, 'A', 0, '2025-11-23 15:29:24', '2025-11-23 15:29:24'),
(21, 'Понедельник', 1, 234, NULL, NULL, 81, NULL, 'B', 0, '2025-11-23 15:29:24', '2025-11-23 15:29:24'),
(22, 'Понедельник', 1, 235, NULL, NULL, NULL, NULL, 'A', 0, '2025-11-23 15:29:24', '2025-11-23 15:29:24'),
(23, 'Понедельник', 1, 235, NULL, NULL, 100, NULL, 'B', 0, '2025-11-23 15:29:24', '2025-11-23 15:29:24'),
(24, 'Понедельник', 1, 235, NULL, NULL, 31, NULL, 'C', 0, '2025-11-23 15:29:24', '2025-11-23 15:29:24'),
(25, 'Понедельник', 2, 220, NULL, NULL, NULL, NULL, 'A', 0, '2025-11-23 15:29:24', '2025-11-23 15:29:24'),
(26, 'Понедельник', 2, 220, NULL, NULL, 74, NULL, 'B', 0, '2025-11-23 15:29:24', '2025-11-23 15:29:24'),
(27, 'Понедельник', 2, 220, NULL, NULL, 46, NULL, 'C', 0, '2025-11-23 15:29:24', '2025-11-23 15:29:24'),
(28, 'Понедельник', 2, 221, NULL, NULL, NULL, NULL, 'A', 0, '2025-11-23 15:29:24', '2025-11-23 15:29:24'),
(29, 'Понедельник', 2, 221, NULL, NULL, 73, NULL, 'B', 0, '2025-11-23 15:29:24', '2025-11-23 15:29:24'),
(30, 'Понедельник', 2, 222, NULL, NULL, NULL, NULL, 'A', 0, '2025-11-23 15:29:24', '2025-11-23 15:29:24'),
(31, 'Понедельник', 2, 222, NULL, NULL, 85, NULL, 'B', 0, '2025-11-23 15:29:24', '2025-11-23 15:29:24'),
(32, 'Понедельник', 2, 222, NULL, NULL, NULL, NULL, 'C', 0, '2025-11-23 15:29:24', '2025-11-23 15:29:24'),
(33, 'Понедельник', 2, 223, NULL, NULL, NULL, NULL, 'A', 0, '2025-11-23 15:29:24', '2025-11-23 15:29:24'),
(34, 'Понедельник', 2, 223, NULL, NULL, 111, NULL, 'B', 0, '2025-11-23 15:29:24', '2025-11-23 15:29:24'),
(35, 'Понедельник', 2, 224, NULL, NULL, 37, NULL, NULL, 0, '2025-11-23 15:29:24', '2025-11-23 15:29:24'),
(36, 'Понедельник', 2, 225, NULL, NULL, 105, NULL, NULL, 0, '2025-11-23 15:29:24', '2025-11-23 15:29:24'),
(37, 'Понедельник', 2, 226, NULL, NULL, 103, NULL, NULL, 0, '2025-11-23 15:29:24', '2025-11-23 15:29:24'),
(38, 'Понедельник', 2, 230, NULL, NULL, 102, NULL, NULL, 0, '2025-11-23 15:29:24', '2025-11-23 15:29:24'),
(39, 'Понедельник', 2, 236, NULL, NULL, 84, NULL, NULL, 0, '2025-11-23 15:29:24', '2025-11-23 15:29:24'),
(40, 'Понедельник', 2, 232, NULL, NULL, NULL, NULL, 'A', 0, '2025-11-23 15:29:24', '2025-11-23 15:29:24'),
(41, 'Понедельник', 2, 232, NULL, NULL, 95, NULL, 'B', 0, '2025-11-23 15:29:24', '2025-11-23 15:29:24'),
(42, 'Понедельник', 2, 237, NULL, NULL, NULL, NULL, 'A', 0, '2025-11-23 15:29:24', '2025-11-23 15:29:24'),
(43, 'Понедельник', 2, 237, NULL, NULL, 100, NULL, 'B', 0, '2025-11-23 15:29:24', '2025-11-23 15:29:24'),
(44, 'Понедельник', 2, 233, NULL, NULL, 69, NULL, NULL, 0, '2025-11-23 15:29:24', '2025-11-23 15:29:24'),
(45, 'Понедельник', 2, 234, NULL, NULL, 33, NULL, NULL, 0, '2025-11-23 15:29:24', '2025-11-23 15:29:24'),
(46, 'Понедельник', 2, 235, NULL, NULL, 89, NULL, NULL, 0, '2025-11-23 15:29:24', '2025-11-23 15:29:24'),
(47, 'Понедельник', 3, 220, NULL, NULL, 84, NULL, NULL, 0, '2025-11-23 15:29:24', '2025-11-23 15:29:24'),
(48, 'Понедельник', 3, 221, NULL, NULL, NULL, NULL, NULL, 0, '2025-11-23 15:29:24', '2025-11-23 15:29:24'),
(49, 'Понедельник', 3, 222, NULL, NULL, 32, NULL, NULL, 0, '2025-11-23 15:29:24', '2025-11-23 15:29:24'),
(50, 'Понедельник', 3, 223, NULL, NULL, 99, NULL, 'A', 0, '2025-11-23 15:29:24', '2025-11-23 15:29:24'),
(51, 'Понедельник', 3, 223, NULL, NULL, 118, NULL, 'B', 0, '2025-11-23 15:29:24', '2025-11-23 15:29:24'),
(52, 'Понедельник', 3, 224, NULL, NULL, 31, NULL, NULL, 0, '2025-11-23 15:29:24', '2025-11-23 15:29:24'),
(53, 'Понедельник', 3, 225, NULL, NULL, 104, NULL, NULL, 0, '2025-11-23 15:29:24', '2025-11-23 15:29:24'),
(54, 'Понедельник', 3, 226, NULL, NULL, 46, NULL, 'A', 0, '2025-11-23 15:29:24', '2025-11-23 15:29:24'),
(55, 'Понедельник', 3, 230, NULL, NULL, 69, NULL, NULL, 0, '2025-11-23 15:29:24', '2025-11-23 15:29:24'),
(56, 'Понедельник', 3, 236, NULL, NULL, 23, NULL, NULL, 0, '2025-11-23 15:29:24', '2025-11-23 15:29:24'),
(57, 'Понедельник', 3, 232, NULL, NULL, 28, NULL, NULL, 0, '2025-11-23 15:29:24', '2025-11-23 15:29:24'),
(58, 'Понедельник', 3, 237, NULL, NULL, 34, NULL, NULL, 0, '2025-11-23 15:29:24', '2025-11-23 15:29:24'),
(59, 'Понедельник', 3, 233, NULL, NULL, NULL, NULL, NULL, 0, '2025-11-23 15:29:24', '2025-11-23 15:29:24'),
(60, 'Понедельник', 3, 234, NULL, NULL, NULL, NULL, NULL, 0, '2025-11-23 15:29:24', '2025-11-23 15:29:24'),
(61, 'Понедельник', 3, 235, NULL, NULL, 85, NULL, 'A', 0, '2025-11-23 15:29:24', '2025-11-23 15:29:24'),
(62, 'Понедельник', 3, 235, NULL, NULL, 111, NULL, 'B', 0, '2025-11-23 15:29:24', '2025-11-23 15:29:24'),
(63, 'Понедельник', 4, 220, NULL, NULL, 46, NULL, 'A', 0, '2025-11-23 15:29:24', '2025-11-23 15:29:24'),
(64, 'Понедельник', 4, 220, NULL, NULL, 118, NULL, 'B', 0, '2025-11-23 15:29:24', '2025-11-23 15:29:24'),
(65, 'Понедельник', 4, 221, NULL, NULL, 32, NULL, NULL, 0, '2025-11-23 15:29:24', '2025-11-23 15:29:24'),
(66, 'Понедельник', 4, 222, NULL, NULL, NULL, NULL, NULL, 0, '2025-11-23 15:29:24', '2025-11-23 15:29:24'),
(67, 'Понедельник', 4, 223, NULL, NULL, 84, NULL, NULL, 0, '2025-11-23 15:29:24', '2025-11-23 15:29:24'),
(68, 'Понедельник', 4, 224, NULL, NULL, NULL, NULL, NULL, 0, '2025-11-23 15:29:24', '2025-11-23 15:29:24'),
(69, 'Понедельник', 4, 225, NULL, NULL, NULL, NULL, NULL, 0, '2025-11-23 15:29:24', '2025-11-23 15:29:24'),
(70, 'Понедельник', 4, 226, NULL, NULL, NULL, NULL, NULL, 0, '2025-11-23 15:29:25', '2025-11-23 15:29:25'),
(71, 'Понедельник', 4, 230, NULL, NULL, 22, NULL, 'A', 0, '2025-11-23 15:29:25', '2025-11-23 15:29:25'),
(72, 'Понедельник', 4, 230, NULL, NULL, 20, NULL, 'B', 0, '2025-11-23 15:29:25', '2025-11-23 15:29:25'),
(73, 'Понедельник', 4, 236, NULL, NULL, 69, NULL, NULL, 0, '2025-11-23 15:29:25', '2025-11-23 15:29:25'),
(74, 'Понедельник', 4, 232, NULL, NULL, NULL, NULL, NULL, 0, '2025-11-23 15:29:25', '2025-11-23 15:29:25'),
(75, 'Понедельник', 4, 237, NULL, NULL, 31, NULL, NULL, 0, '2025-11-23 15:29:25', '2025-11-23 15:29:25'),
(76, 'Понедельник', 4, 233, NULL, NULL, NULL, NULL, NULL, 0, '2025-11-23 15:29:25', '2025-11-23 15:29:25'),
(77, 'Понедельник', 4, 235, NULL, NULL, NULL, NULL, NULL, 0, '2025-11-23 15:29:25', '2025-11-23 15:29:25'),
(78, 'Понедельник', 5, 220, NULL, NULL, NULL, NULL, NULL, 0, '2025-11-23 15:29:25', '2025-11-23 15:29:25'),
(79, 'Понедельник', 5, 221, NULL, NULL, NULL, NULL, NULL, 0, '2025-11-23 15:29:25', '2025-11-23 15:29:25'),
(80, 'Понедельник', 5, 222, NULL, NULL, NULL, NULL, NULL, 0, '2025-11-23 15:29:25', '2025-11-23 15:29:25'),
(81, 'Понедельник', 5, 223, NULL, NULL, NULL, NULL, NULL, 0, '2025-11-23 15:29:25', '2025-11-23 15:29:25'),
(82, 'Понедельник', 5, 224, NULL, NULL, NULL, NULL, NULL, 0, '2025-11-23 15:29:25', '2025-11-23 15:29:25'),
(83, 'Понедельник', 5, 225, NULL, NULL, NULL, NULL, NULL, 0, '2025-11-23 15:29:25', '2025-11-23 15:29:25'),
(84, 'Понедельник', 5, 226, NULL, NULL, NULL, NULL, NULL, 0, '2025-11-23 15:29:25', '2025-11-23 15:29:25'),
(85, 'Понедельник', 5, 230, NULL, NULL, NULL, NULL, NULL, 0, '2025-11-23 15:29:25', '2025-11-23 15:29:25'),
(86, 'Понедельник', 5, 236, NULL, NULL, NULL, NULL, NULL, 0, '2025-11-23 15:29:25', '2025-11-23 15:29:25'),
(87, 'Понедельник', 5, 232, NULL, NULL, NULL, NULL, NULL, 0, '2025-11-23 15:29:25', '2025-11-23 15:29:25'),
(88, 'Понедельник', 5, 237, NULL, NULL, NULL, NULL, NULL, 0, '2025-11-23 15:29:25', '2025-11-23 15:29:25'),
(89, 'Понедельник', 5, 233, NULL, NULL, NULL, NULL, NULL, 0, '2025-11-23 15:29:25', '2025-11-23 15:29:25'),
(90, 'Понедельник', 5, 234, NULL, NULL, NULL, NULL, NULL, 0, '2025-11-23 15:29:25', '2025-11-23 15:29:25'),
(91, 'Понедельник', 5, 235, NULL, NULL, NULL, NULL, NULL, 0, '2025-11-23 15:29:25', '2025-11-23 15:29:25'),
(92, 'Вторник', 1, 220, NULL, NULL, NULL, NULL, 'A', 0, '2025-11-23 15:29:25', '2025-11-23 15:29:25'),
(93, 'Вторник', 1, 220, NULL, NULL, 102, NULL, 'B', 0, '2025-11-23 15:29:25', '2025-11-23 15:29:25'),
(94, 'Вторник', 1, 221, NULL, NULL, NULL, NULL, 'A', 0, '2025-11-23 15:29:25', '2025-11-23 15:29:25'),
(95, 'Вторник', 1, 221, NULL, NULL, NULL, NULL, 'B', 0, '2025-11-23 15:29:25', '2025-11-23 15:29:25'),
(96, 'Вторник', 1, 222, NULL, NULL, NULL, NULL, 'A', 0, '2025-11-23 15:29:25', '2025-11-23 15:29:25'),
(97, 'Вторник', 1, 222, NULL, NULL, 69, NULL, 'B', 0, '2025-11-23 15:29:25', '2025-11-23 15:29:25'),
(98, 'Вторник', 1, 223, NULL, NULL, 28, NULL, NULL, 0, '2025-11-23 15:29:25', '2025-11-23 15:29:25'),
(99, 'Вторник', 1, 224, NULL, NULL, 118, NULL, 'A', 0, '2025-11-23 15:29:25', '2025-11-23 15:29:25'),
(100, 'Вторник', 1, 224, NULL, NULL, 46, NULL, 'B', 0, '2025-11-23 15:29:25', '2025-11-23 15:29:25'),
(101, 'Вторник', 1, 225, NULL, NULL, NULL, NULL, 'A', 0, '2025-11-23 15:29:25', '2025-11-23 15:29:25'),
(102, 'Вторник', 1, 225, NULL, NULL, 112, NULL, 'B', 0, '2025-11-23 15:29:25', '2025-11-23 15:29:25'),
(103, 'Вторник', 1, 226, NULL, NULL, 20, NULL, NULL, 0, '2025-11-23 15:29:25', '2025-11-23 15:29:25'),
(104, 'Вторник', 1, 230, NULL, NULL, 84, NULL, NULL, 0, '2025-11-23 15:29:25', '2025-11-23 15:29:25'),
(105, 'Вторник', 1, 236, NULL, NULL, NULL, NULL, 'A', 0, '2025-11-23 15:29:25', '2025-11-23 15:29:25'),
(106, 'Вторник', 1, 236, NULL, NULL, 93, NULL, 'B', 0, '2025-11-23 15:29:25', '2025-11-23 15:29:25'),
(107, 'Вторник', 1, 232, NULL, NULL, NULL, NULL, 'A', 0, '2025-11-23 15:29:25', '2025-11-23 15:29:25'),
(108, 'Вторник', 1, 232, NULL, NULL, NULL, NULL, 'B', 0, '2025-11-23 15:29:25', '2025-11-23 15:29:25'),
(109, 'Вторник', 1, 232, NULL, NULL, 33, NULL, 'C', 0, '2025-11-23 15:29:25', '2025-11-23 15:29:25'),
(110, 'Вторник', 1, 237, NULL, NULL, 22, NULL, NULL, 0, '2025-11-23 15:29:25', '2025-11-23 15:29:25'),
(111, 'Вторник', 1, 233, NULL, NULL, NULL, NULL, 'A', 0, '2025-11-23 15:29:25', '2025-11-23 15:29:25'),
(112, 'Вторник', 1, 233, NULL, NULL, 24, NULL, 'B', 0, '2025-11-23 15:29:25', '2025-11-23 15:29:25'),
(113, 'Вторник', 1, 233, NULL, NULL, NULL, NULL, 'C', 0, '2025-11-23 15:29:25', '2025-11-23 15:29:25'),
(114, 'Вторник', 1, 234, NULL, NULL, 32, NULL, NULL, 0, '2025-11-23 15:29:25', '2025-11-23 15:29:25'),
(115, 'Вторник', 1, 235, NULL, NULL, NULL, NULL, 'A', 0, '2025-11-23 15:29:25', '2025-11-23 15:29:25'),
(116, 'Вторник', 1, 235, NULL, NULL, 85, NULL, 'B', 0, '2025-11-23 15:29:25', '2025-11-23 15:29:25'),
(117, 'Вторник', 2, 220, NULL, NULL, 89, NULL, NULL, 0, '2025-11-23 15:29:25', '2025-11-23 15:29:25'),
(118, 'Вторник', 2, 221, NULL, NULL, NULL, NULL, NULL, 0, '2025-11-23 15:29:25', '2025-11-23 15:29:25'),
(119, 'Вторник', 2, 222, NULL, NULL, NULL, NULL, NULL, 0, '2025-11-23 15:29:25', '2025-11-23 15:29:25'),
(120, 'Вторник', 2, 223, NULL, NULL, 20, NULL, 'B', 0, '2025-11-23 15:29:25', '2025-11-23 15:29:25'),
(121, 'Вторник', 2, 224, NULL, NULL, 95, NULL, 'A', 0, '2025-11-23 15:29:25', '2025-11-23 15:29:25'),
(122, 'Вторник', 2, 224, NULL, NULL, 24, NULL, 'B', 0, '2025-11-23 15:29:25', '2025-11-23 15:29:25'),
(123, 'Вторник', 2, 225, NULL, NULL, 37, NULL, NULL, 0, '2025-11-23 15:29:25', '2025-11-23 15:29:25'),
(124, 'Вторник', 2, 226, NULL, NULL, 25, NULL, NULL, 0, '2025-11-23 15:29:25', '2025-11-23 15:29:25'),
(125, 'Вторник', 2, 230, NULL, NULL, 112, NULL, NULL, 0, '2025-11-23 15:29:25', '2025-11-23 15:29:25'),
(126, 'Вторник', 2, 236, NULL, NULL, 105, NULL, NULL, 0, '2025-11-23 15:29:25', '2025-11-23 15:29:25'),
(127, 'Вторник', 2, 232, NULL, NULL, 46, NULL, 'A', 0, '2025-11-23 15:29:25', '2025-11-23 15:29:25'),
(128, 'Вторник', 2, 232, NULL, NULL, 118, NULL, 'B', 0, '2025-11-23 15:29:25', '2025-11-23 15:29:25'),
(129, 'Вторник', 2, 237, NULL, NULL, 104, NULL, NULL, 0, '2025-11-23 15:29:25', '2025-11-23 15:29:25'),
(130, 'Вторник', 2, 233, NULL, NULL, 69, NULL, NULL, 0, '2025-11-23 15:29:25', '2025-11-23 15:29:25'),
(131, 'Вторник', 2, 235, NULL, NULL, 31, NULL, NULL, 0, '2025-11-23 15:29:25', '2025-11-23 15:29:25'),
(132, 'Вторник', 3, 220, NULL, NULL, 92, NULL, NULL, 0, '2025-11-23 15:29:25', '2025-11-23 15:29:25'),
(133, 'Вторник', 3, 221, NULL, NULL, NULL, NULL, 'A', 0, '2025-11-23 15:29:25', '2025-11-23 15:29:25'),
(134, 'Вторник', 3, 221, NULL, NULL, 118, NULL, 'B', 0, '2025-11-23 15:29:25', '2025-11-23 15:29:25'),
(135, 'Вторник', 3, 222, NULL, NULL, NULL, NULL, 'A', 0, '2025-11-23 15:29:25', '2025-11-23 15:29:25'),
(136, 'Вторник', 3, 222, NULL, NULL, 20, NULL, 'B', 0, '2025-11-23 15:29:25', '2025-11-23 15:29:25'),
(137, 'Вторник', 3, 223, NULL, NULL, 32, NULL, NULL, 0, '2025-11-23 15:29:25', '2025-11-23 15:29:25'),
(138, 'Вторник', 3, 224, NULL, NULL, 98, NULL, NULL, 0, '2025-11-23 15:29:25', '2025-11-23 15:29:25'),
(139, 'Вторник', 3, 225, NULL, NULL, 33, NULL, NULL, 0, '2025-11-23 15:29:25', '2025-11-23 15:29:25'),
(140, 'Вторник', 3, 226, NULL, NULL, 34, NULL, NULL, 0, '2025-11-23 15:29:25', '2025-11-23 15:29:25'),
(141, 'Вторник', 3, 230, NULL, NULL, 24, NULL, 'A', 0, '2025-11-23 15:29:25', '2025-11-23 15:29:25'),
(142, 'Вторник', 3, 230, NULL, NULL, 23, NULL, 'B', 0, '2025-11-23 15:29:25', '2025-11-23 15:29:25'),
(143, 'Вторник', 3, 236, NULL, NULL, 22, NULL, NULL, 0, '2025-11-23 15:29:25', '2025-11-23 15:29:25'),
(144, 'Вторник', 3, 232, NULL, NULL, 84, NULL, NULL, 0, '2025-11-23 15:29:25', '2025-11-23 15:29:25'),
(145, 'Вторник', 3, 237, NULL, NULL, 75, NULL, 'A', 0, '2025-11-23 15:29:25', '2025-11-23 15:29:25'),
(146, 'Вторник', 3, 237, NULL, NULL, 119, NULL, 'B', 0, '2025-11-23 15:29:25', '2025-11-23 15:29:25'),
(147, 'Вторник', 3, 234, NULL, NULL, NULL, NULL, 'A', 0, '2025-11-23 15:29:25', '2025-11-23 15:29:25'),
(148, 'Вторник', 3, 234, NULL, NULL, 95, NULL, 'B', 0, '2025-11-23 15:29:25', '2025-11-23 15:29:25'),
(149, 'Вторник', 3, 235, NULL, NULL, 25, NULL, NULL, 0, '2025-11-23 15:29:25', '2025-11-23 15:29:25'),
(150, 'Вторник', 4, 220, NULL, NULL, NULL, NULL, NULL, 0, '2025-11-23 15:29:25', '2025-11-23 15:29:25'),
(151, 'Вторник', 4, 221, NULL, NULL, NULL, NULL, NULL, 0, '2025-11-23 15:29:25', '2025-11-23 15:29:25'),
(152, 'Вторник', 4, 222, NULL, NULL, NULL, NULL, NULL, 0, '2025-11-23 15:29:25', '2025-11-23 15:29:25'),
(153, 'Вторник', 4, 223, NULL, NULL, NULL, NULL, NULL, 0, '2025-11-23 15:29:25', '2025-11-23 15:29:25'),
(154, 'Вторник', 4, 224, NULL, NULL, NULL, NULL, 'A', 0, '2025-11-23 15:29:25', '2025-11-23 15:29:25'),
(155, 'Вторник', 4, 224, NULL, NULL, NULL, NULL, 'B', 0, '2025-11-23 15:29:25', '2025-11-23 15:29:25'),
(156, 'Вторник', 4, 224, NULL, NULL, 102, NULL, 'C', 0, '2025-11-23 15:29:25', '2025-11-23 15:29:25'),
(157, 'Вторник', 4, 225, NULL, NULL, NULL, NULL, 'A', 0, '2025-11-23 15:29:25', '2025-11-23 15:29:25'),
(158, 'Вторник', 4, 225, NULL, NULL, 112, NULL, 'B', 0, '2025-11-23 15:29:25', '2025-11-23 15:29:25'),
(159, 'Вторник', 4, 225, NULL, NULL, NULL, NULL, 'C', 0, '2025-11-23 15:29:25', '2025-11-23 15:29:25'),
(160, 'Вторник', 4, 226, NULL, NULL, NULL, NULL, 'A', 0, '2025-11-23 15:29:25', '2025-11-23 15:29:25'),
(161, 'Вторник', 4, 226, NULL, NULL, 33, NULL, 'C', 0, '2025-11-23 15:29:25', '2025-11-23 15:29:25'),
(162, 'Вторник', 4, 230, NULL, NULL, 32, NULL, NULL, 0, '2025-11-23 15:29:25', '2025-11-23 15:29:25'),
(163, 'Вторник', 4, 236, NULL, NULL, NULL, NULL, NULL, 0, '2025-11-23 15:29:25', '2025-11-23 15:29:25'),
(164, 'Вторник', 4, 232, NULL, NULL, 105, NULL, NULL, 0, '2025-11-23 15:29:25', '2025-11-23 15:29:25'),
(165, 'Вторник', 4, 237, NULL, NULL, 95, NULL, 'A', 0, '2025-11-23 15:29:25', '2025-11-23 15:29:25'),
(166, 'Вторник', 4, 237, NULL, NULL, 23, NULL, 'B', 0, '2025-11-23 15:29:25', '2025-11-23 15:29:25'),
(167, 'Вторник', 4, 233, NULL, NULL, NULL, NULL, 'A', 0, '2025-11-23 15:29:25', '2025-11-23 15:29:25'),
(168, 'Вторник', 4, 233, NULL, NULL, 22, NULL, 'B', 0, '2025-11-23 15:29:25', '2025-11-23 15:29:25'),
(169, 'Вторник', 4, 234, NULL, NULL, NULL, NULL, 'A', 0, '2025-11-23 15:29:25', '2025-11-23 15:29:25'),
(170, 'Вторник', 4, 234, NULL, NULL, 81, NULL, 'B', 0, '2025-11-23 15:29:25', '2025-11-23 15:29:25'),
(171, 'Вторник', 4, 234, NULL, NULL, 31, NULL, 'C', 0, '2025-11-23 15:29:25', '2025-11-23 15:29:25'),
(172, 'Вторник', 4, 235, NULL, NULL, NULL, NULL, NULL, 0, '2025-11-23 15:29:25', '2025-11-23 15:29:25'),
(173, 'Вторник', 5, 220, NULL, NULL, NULL, NULL, NULL, 0, '2025-11-23 15:29:25', '2025-11-23 15:29:25'),
(174, 'Вторник', 5, 221, NULL, NULL, NULL, NULL, NULL, 0, '2025-11-23 15:29:25', '2025-11-23 15:29:25'),
(175, 'Вторник', 5, 222, NULL, NULL, NULL, NULL, NULL, 0, '2025-11-23 15:29:25', '2025-11-23 15:29:25'),
(176, 'Вторник', 5, 223, NULL, NULL, NULL, NULL, NULL, 0, '2025-11-23 15:29:25', '2025-11-23 15:29:25'),
(177, 'Вторник', 5, 224, NULL, NULL, NULL, NULL, NULL, 0, '2025-11-23 15:29:25', '2025-11-23 15:29:25'),
(178, 'Вторник', 5, 225, NULL, NULL, NULL, NULL, NULL, 0, '2025-11-23 15:29:25', '2025-11-23 15:29:25'),
(179, 'Вторник', 5, 226, NULL, NULL, NULL, NULL, NULL, 0, '2025-11-23 15:29:25', '2025-11-23 15:29:25'),
(180, 'Вторник', 5, 230, NULL, NULL, NULL, NULL, NULL, 0, '2025-11-23 15:29:25', '2025-11-23 15:29:25'),
(181, 'Вторник', 5, 236, NULL, NULL, NULL, NULL, NULL, 0, '2025-11-23 15:29:25', '2025-11-23 15:29:25'),
(182, 'Вторник', 5, 232, NULL, NULL, NULL, NULL, NULL, 0, '2025-11-23 15:29:25', '2025-11-23 15:29:25'),
(183, 'Вторник', 5, 237, NULL, NULL, NULL, NULL, NULL, 0, '2025-11-23 15:29:25', '2025-11-23 15:29:25'),
(184, 'Вторник', 5, 233, NULL, NULL, NULL, NULL, NULL, 0, '2025-11-23 15:29:25', '2025-11-23 15:29:25'),
(185, 'Вторник', 5, 234, NULL, NULL, NULL, NULL, NULL, 0, '2025-11-23 15:29:25', '2025-11-23 15:29:25'),
(186, 'Вторник', 5, 235, NULL, NULL, NULL, NULL, NULL, 0, '2025-11-23 15:29:25', '2025-11-23 15:29:25'),
(187, 'Среда', 1, 220, NULL, NULL, 81, NULL, 'A', 0, '2025-11-23 15:29:25', '2025-11-23 15:29:25'),
(188, 'Среда', 1, 220, NULL, NULL, 74, NULL, 'B', 0, '2025-11-23 15:29:25', '2025-11-23 15:29:25'),
(189, 'Среда', 1, 221, NULL, NULL, 105, NULL, NULL, 0, '2025-11-23 15:29:25', '2025-11-23 15:29:25'),
(190, 'Среда', 1, 222, NULL, NULL, 32, NULL, NULL, 0, '2025-11-23 15:29:25', '2025-11-23 15:29:25'),
(191, 'Среда', 1, 223, NULL, NULL, 112, NULL, NULL, 0, '2025-11-23 15:29:25', '2025-11-23 15:29:25'),
(192, 'Среда', 1, 224, NULL, NULL, 92, NULL, NULL, 0, '2025-11-23 15:29:25', '2025-11-23 15:29:25'),
(193, 'Среда', 1, 225, NULL, NULL, 117, NULL, NULL, 0, '2025-11-23 15:29:25', '2025-11-23 15:29:25'),
(194, 'Среда', 1, 226, NULL, NULL, 31, NULL, NULL, 0, '2025-11-23 15:29:25', '2025-11-23 15:29:25'),
(195, 'Среда', 1, 230, NULL, NULL, 99, NULL, 'A', 0, '2025-11-23 15:29:25', '2025-11-23 15:29:25'),
(196, 'Среда', 1, 230, NULL, NULL, NULL, NULL, 'B', 0, '2025-11-23 15:29:25', '2025-11-23 15:29:25'),
(197, 'Среда', 1, 236, NULL, NULL, 20, NULL, NULL, 0, '2025-11-23 15:29:25', '2025-11-23 15:29:25'),
(198, 'Среда', 1, 232, NULL, NULL, 34, NULL, NULL, 0, '2025-11-23 15:29:25', '2025-11-23 15:29:25'),
(199, 'Среда', 1, 237, NULL, NULL, 33, NULL, NULL, 0, '2025-11-23 15:29:25', '2025-11-23 15:29:25'),
(200, 'Среда', 1, 233, NULL, NULL, NULL, NULL, NULL, 0, '2025-11-23 15:29:25', '2025-11-23 15:29:25'),
(201, 'Среда', 1, 234, NULL, NULL, NULL, NULL, 'A', 0, '2025-11-23 15:29:25', '2025-11-23 15:29:25'),
(202, 'Среда', 1, 234, NULL, NULL, 90, NULL, 'B', 0, '2025-11-23 15:29:25', '2025-11-23 15:29:25'),
(203, 'Среда', 1, 235, NULL, NULL, NULL, NULL, 'A', 0, '2025-11-23 15:29:25', '2025-11-23 15:29:25'),
(204, 'Среда', 1, 235, NULL, NULL, 95, NULL, 'B', 0, '2025-11-23 15:29:25', '2025-11-23 15:29:25'),
(205, 'Среда', 2, 220, NULL, NULL, NULL, NULL, 'A', 0, '2025-11-23 15:29:25', '2025-11-23 15:29:25'),
(206, 'Среда', 2, 220, NULL, NULL, 31, NULL, 'B', 0, '2025-11-23 15:29:25', '2025-11-23 15:29:25'),
(207, 'Среда', 2, 221, NULL, NULL, 28, NULL, NULL, 0, '2025-11-23 15:29:25', '2025-11-23 15:29:25'),
(208, 'Среда', 2, 222, NULL, NULL, 112, NULL, NULL, 0, '2025-11-23 15:29:25', '2025-11-23 15:29:25'),
(209, 'Среда', 2, 223, NULL, NULL, 98, NULL, NULL, 0, '2025-11-23 15:29:25', '2025-11-23 15:29:25'),
(210, 'Среда', 2, 224, NULL, NULL, 37, NULL, NULL, 0, '2025-11-23 15:29:25', '2025-11-23 15:29:25'),
(211, 'Среда', 2, 225, NULL, NULL, NULL, NULL, 'A', 0, '2025-11-23 15:29:25', '2025-11-23 15:29:25'),
(212, 'Среда', 2, 225, NULL, NULL, NULL, NULL, 'B', 0, '2025-11-23 15:29:25', '2025-11-23 15:29:25'),
(213, 'Среда', 2, 226, NULL, NULL, NULL, NULL, 'A', 0, '2025-11-23 15:29:25', '2025-11-23 15:29:25'),
(214, 'Среда', 2, 226, NULL, NULL, 117, NULL, 'B', 0, '2025-11-23 15:29:25', '2025-11-23 15:29:25'),
(215, 'Среда', 2, 236, NULL, NULL, NULL, NULL, NULL, 0, '2025-11-23 15:29:25', '2025-11-23 15:29:25'),
(216, 'Среда', 2, 232, NULL, NULL, 84, NULL, NULL, 0, '2025-11-23 15:29:25', '2025-11-23 15:29:25'),
(217, 'Среда', 2, 237, NULL, NULL, 103, NULL, NULL, 0, '2025-11-23 15:29:25', '2025-11-23 15:29:25'),
(218, 'Среда', 2, 233, NULL, NULL, 32, NULL, NULL, 0, '2025-11-23 15:29:25', '2025-11-23 15:29:25'),
(219, 'Среда', 2, 234, NULL, NULL, 102, NULL, 'A', 0, '2025-11-23 15:29:25', '2025-11-23 15:29:25'),
(220, 'Среда', 2, 234, NULL, NULL, 100, NULL, 'B', 0, '2025-11-23 15:29:25', '2025-11-23 15:29:25'),
(221, 'Среда', 2, 235, NULL, NULL, 46, NULL, NULL, 0, '2025-11-23 15:29:25', '2025-11-23 15:29:25'),
(222, 'Среда', 3, 220, NULL, NULL, 103, NULL, NULL, 0, '2025-11-23 15:29:25', '2025-11-23 15:29:25'),
(223, 'Среда', 3, 221, NULL, NULL, 89, NULL, 'A', 0, '2025-11-23 15:29:25', '2025-11-23 15:29:25'),
(224, 'Среда', 3, 221, NULL, NULL, 22, NULL, 'B', 0, '2025-11-23 15:29:25', '2025-11-23 15:29:25'),
(225, 'Среда', 3, 222, NULL, NULL, 28, NULL, NULL, 0, '2025-11-23 15:29:25', '2025-11-23 15:29:25'),
(226, 'Среда', 3, 223, NULL, NULL, NULL, NULL, 'A', 0, '2025-11-23 15:29:25', '2025-11-23 15:29:25'),
(227, 'Среда', 3, 223, NULL, NULL, 99, NULL, 'B', 0, '2025-11-23 15:29:25', '2025-11-23 15:29:25'),
(228, 'Среда', 3, 224, NULL, NULL, 102, NULL, 'A', 0, '2025-11-23 15:29:25', '2025-11-23 15:29:25'),
(229, 'Среда', 3, 224, NULL, NULL, NULL, NULL, 'B', 0, '2025-11-23 15:29:25', '2025-11-23 15:29:25'),
(230, 'Среда', 3, 225, NULL, NULL, 90, NULL, 'A', 0, '2025-11-23 15:29:25', '2025-11-23 15:29:25'),
(231, 'Среда', 3, 225, NULL, NULL, 95, NULL, 'B', 0, '2025-11-23 15:29:25', '2025-11-23 15:29:25'),
(232, 'Среда', 3, 226, NULL, NULL, 104, NULL, NULL, 0, '2025-11-23 15:29:25', '2025-11-23 15:29:25'),
(233, 'Среда', 3, 230, NULL, NULL, 75, NULL, 'A', 0, '2025-11-23 15:29:25', '2025-11-23 15:29:25'),
(234, 'Среда', 3, 230, NULL, NULL, 85, NULL, 'B', 0, '2025-11-23 15:29:25', '2025-11-23 15:29:25'),
(235, 'Среда', 3, 236, NULL, NULL, NULL, NULL, NULL, 0, '2025-11-23 15:29:25', '2025-11-23 15:29:25'),
(236, 'Среда', 3, 232, NULL, NULL, 31, NULL, NULL, 0, '2025-11-23 15:29:25', '2025-11-23 15:29:25'),
(237, 'Среда', 3, 237, NULL, NULL, 112, NULL, 'B', 0, '2025-11-23 15:29:25', '2025-11-23 15:29:25'),
(238, 'Среда', 3, 233, NULL, NULL, 84, NULL, NULL, 0, '2025-11-23 15:29:25', '2025-11-23 15:29:25'),
(239, 'Среда', 3, 234, NULL, NULL, 25, NULL, NULL, 0, '2025-11-23 15:29:25', '2025-11-23 15:29:25'),
(240, 'Среда', 3, 235, NULL, NULL, 69, NULL, NULL, 0, '2025-11-23 15:29:25', '2025-11-23 15:29:25'),
(241, 'Среда', 4, 220, NULL, NULL, NULL, NULL, NULL, 0, '2025-11-23 15:29:25', '2025-11-23 15:29:25'),
(242, 'Среда', 4, 221, NULL, NULL, 28, NULL, NULL, 0, '2025-11-23 15:29:25', '2025-11-23 15:29:25'),
(243, 'Среда', 4, 222, NULL, NULL, 69, NULL, NULL, 0, '2025-11-23 15:29:25', '2025-11-23 15:29:25'),
(244, 'Среда', 4, 223, NULL, NULL, NULL, NULL, NULL, 0, '2025-11-23 15:29:25', '2025-11-23 15:29:25'),
(245, 'Среда', 4, 224, NULL, NULL, 119, NULL, 'A', 0, '2025-11-23 15:29:25', '2025-11-23 15:29:25'),
(246, 'Среда', 4, 224, NULL, NULL, NULL, NULL, 'B', 0, '2025-11-23 15:29:25', '2025-11-23 15:29:25'),
(247, 'Среда', 4, 225, NULL, NULL, 98, NULL, NULL, 0, '2025-11-23 15:29:25', '2025-11-23 15:29:25'),
(248, 'Среда', 4, 226, NULL, NULL, 103, NULL, NULL, 0, '2025-11-23 15:29:25', '2025-11-23 15:29:25'),
(249, 'Среда', 4, 230, NULL, NULL, NULL, NULL, NULL, 0, '2025-11-23 15:29:25', '2025-11-23 15:29:25'),
(250, 'Среда', 4, 236, NULL, NULL, NULL, NULL, NULL, 0, '2025-11-23 15:29:25', '2025-11-23 15:29:25'),
(251, 'Среда', 4, 232, NULL, NULL, 117, NULL, NULL, 0, '2025-11-23 15:29:25', '2025-11-23 15:29:25'),
(252, 'Среда', 4, 237, NULL, NULL, 25, NULL, NULL, 0, '2025-11-23 15:29:25', '2025-11-23 15:29:25'),
(253, 'Среда', 4, 233, NULL, NULL, 89, NULL, 'A', 0, '2025-11-23 15:29:25', '2025-11-23 15:29:25'),
(254, 'Среда', 4, 233, NULL, NULL, 20, NULL, 'B', 0, '2025-11-23 15:29:25', '2025-11-23 15:29:25'),
(255, 'Среда', 4, 234, NULL, NULL, 105, NULL, NULL, 0, '2025-11-23 15:29:25', '2025-11-23 15:29:25'),
(256, 'Среда', 4, 235, NULL, NULL, NULL, NULL, NULL, 0, '2025-11-23 15:29:25', '2025-11-23 15:29:25'),
(257, 'Среда', 5, 220, NULL, NULL, NULL, NULL, NULL, 0, '2025-11-23 15:29:25', '2025-11-23 15:29:25'),
(258, 'Среда', 5, 221, NULL, NULL, NULL, NULL, NULL, 0, '2025-11-23 15:29:25', '2025-11-23 15:29:25'),
(259, 'Среда', 5, 222, NULL, NULL, NULL, NULL, NULL, 0, '2025-11-23 15:29:25', '2025-11-23 15:29:25'),
(260, 'Среда', 5, 223, NULL, NULL, NULL, NULL, NULL, 0, '2025-11-23 15:29:25', '2025-11-23 15:29:25'),
(261, 'Среда', 5, 224, NULL, NULL, NULL, NULL, NULL, 0, '2025-11-23 15:29:25', '2025-11-23 15:29:25'),
(262, 'Среда', 5, 225, NULL, NULL, NULL, NULL, NULL, 0, '2025-11-23 15:29:25', '2025-11-23 15:29:25'),
(263, 'Среда', 5, 226, NULL, NULL, NULL, NULL, NULL, 0, '2025-11-23 15:29:25', '2025-11-23 15:29:25'),
(264, 'Среда', 5, 230, NULL, NULL, NULL, NULL, NULL, 0, '2025-11-23 15:29:25', '2025-11-23 15:29:25'),
(265, 'Среда', 5, 236, NULL, NULL, NULL, NULL, NULL, 0, '2025-11-23 15:29:25', '2025-11-23 15:29:25'),
(266, 'Среда', 5, 232, NULL, NULL, NULL, NULL, NULL, 0, '2025-11-23 15:29:25', '2025-11-23 15:29:25'),
(267, 'Среда', 5, 237, NULL, NULL, NULL, NULL, NULL, 0, '2025-11-23 15:29:25', '2025-11-23 15:29:25'),
(268, 'Среда', 5, 233, NULL, NULL, NULL, NULL, NULL, 0, '2025-11-23 15:29:25', '2025-11-23 15:29:25'),
(269, 'Среда', 5, 234, NULL, NULL, NULL, NULL, NULL, 0, '2025-11-23 15:29:25', '2025-11-23 15:29:25'),
(270, 'Среда', 5, 235, NULL, NULL, NULL, NULL, NULL, 0, '2025-11-23 15:29:25', '2025-11-23 15:29:25'),
(271, 'Четверг', 1, 220, NULL, NULL, NULL, NULL, 'A', 0, '2025-11-23 15:29:25', '2025-11-23 15:29:25'),
(272, 'Четверг', 1, 220, NULL, NULL, 100, NULL, 'B', 0, '2025-11-23 15:29:25', '2025-11-23 15:29:25'),
(273, 'Четверг', 1, 221, NULL, NULL, NULL, NULL, 'A', 0, '2025-11-23 15:29:25', '2025-11-23 15:29:25'),
(274, 'Четверг', 1, 221, NULL, NULL, 89, NULL, 'B', 0, '2025-11-23 15:29:25', '2025-11-23 15:29:25'),
(275, 'Четверг', 1, 222, NULL, NULL, NULL, NULL, 'A', 0, '2025-11-23 15:29:25', '2025-11-23 15:29:25'),
(276, 'Четверг', 1, 222, NULL, NULL, 20, NULL, 'B', 0, '2025-11-23 15:29:25', '2025-11-23 15:29:25'),
(277, 'Четверг', 1, 222, NULL, NULL, NULL, NULL, 'C', 0, '2025-11-23 15:29:25', '2025-11-23 15:29:25'),
(278, 'Четверг', 1, 223, NULL, NULL, 84, NULL, NULL, 0, '2025-11-23 15:29:25', '2025-11-23 15:29:25'),
(279, 'Четверг', 1, 224, NULL, NULL, 117, NULL, NULL, 0, '2025-11-23 15:29:25', '2025-11-23 15:29:25'),
(280, 'Четверг', 1, 225, NULL, NULL, NULL, NULL, 'A', 0, '2025-11-23 15:29:25', '2025-11-23 15:29:25'),
(281, 'Четверг', 1, 225, NULL, NULL, 81, NULL, 'B', 0, '2025-11-23 15:29:25', '2025-11-23 15:29:25'),
(282, 'Четверг', 1, 226, NULL, NULL, 23, NULL, 'A', 0, '2025-11-23 15:29:25', '2025-11-23 15:29:25'),
(283, 'Четверг', 1, 226, NULL, NULL, 24, NULL, 'B', 0, '2025-11-23 15:29:25', '2025-11-23 15:29:25'),
(284, 'Четверг', 1, 230, NULL, NULL, NULL, NULL, NULL, 0, '2025-11-23 15:29:25', '2025-11-23 15:29:25'),
(285, 'Четверг', 1, 236, NULL, NULL, 28, NULL, NULL, 0, '2025-11-23 15:29:25', '2025-11-23 15:29:25'),
(286, 'Четверг', 1, 232, NULL, NULL, 33, NULL, NULL, 0, '2025-11-23 15:29:25', '2025-11-23 15:29:25'),
(287, 'Четверг', 1, 237, NULL, NULL, 25, NULL, NULL, 0, '2025-11-23 15:29:25', '2025-11-23 15:29:25'),
(288, 'Четверг', 1, 233, NULL, NULL, 112, NULL, NULL, 0, '2025-11-23 15:29:25', '2025-11-23 15:29:25'),
(289, 'Четверг', 1, 234, NULL, NULL, 31, NULL, NULL, 0, '2025-11-23 15:29:25', '2025-11-23 15:29:25'),
(290, 'Четверг', 1, 235, NULL, NULL, 90, NULL, 'A', 0, '2025-11-23 15:29:25', '2025-11-23 15:29:25'),
(291, 'Четверг', 1, 235, NULL, NULL, 95, NULL, 'B', 0, '2025-11-23 15:29:25', '2025-11-23 15:29:25'),
(292, 'Четверг', 2, 220, NULL, NULL, 84, NULL, NULL, 0, '2025-11-23 15:29:25', '2025-11-23 15:29:25'),
(293, 'Четверг', 2, 221, NULL, NULL, 32, NULL, NULL, 0, '2025-11-23 15:29:25', '2025-11-23 15:29:25'),
(294, 'Четверг', 2, 222, NULL, NULL, 24, NULL, 'A', 0, '2025-11-23 15:29:25', '2025-11-23 15:29:25'),
(295, 'Четверг', 2, 222, NULL, NULL, 23, NULL, 'B', 0, '2025-11-23 15:29:25', '2025-11-23 15:29:25'),
(296, 'Четверг', 2, 223, NULL, NULL, 22, NULL, NULL, 0, '2025-11-23 15:29:25', '2025-11-23 15:29:25'),
(297, 'Четверг', 2, 224, NULL, NULL, 103, NULL, NULL, 0, '2025-11-23 15:29:25', '2025-11-23 15:29:25'),
(298, 'Четверг', 2, 225, NULL, NULL, 37, NULL, NULL, 0, '2025-11-23 15:29:25', '2025-11-23 15:29:25'),
(299, 'Четверг', 2, 226, NULL, NULL, NULL, NULL, 'A', 0, '2025-11-23 15:29:25', '2025-11-23 15:29:25'),
(300, 'Четверг', 2, 226, NULL, NULL, 119, NULL, 'B', 0, '2025-11-23 15:29:25', '2025-11-23 15:29:25'),
(301, 'Четверг', 2, 230, NULL, NULL, NULL, NULL, 'A', 0, '2025-11-23 15:29:25', '2025-11-23 15:29:25'),
(302, 'Четверг', 2, 236, NULL, NULL, NULL, NULL, 'A', 0, '2025-11-23 15:29:25', '2025-11-23 15:29:25'),
(303, 'Четверг', 2, 236, NULL, NULL, 69, NULL, 'B', 0, '2025-11-23 15:29:25', '2025-11-23 15:29:25'),
(304, 'Четверг', 2, 232, NULL, NULL, 81, NULL, 'A', 0, '2025-11-23 15:29:25', '2025-11-23 15:29:25'),
(305, 'Четверг', 2, 232, NULL, NULL, NULL, NULL, 'B', 0, '2025-11-23 15:29:25', '2025-11-23 15:29:25'),
(306, 'Четверг', 2, 237, NULL, NULL, NULL, NULL, 'A', 0, '2025-11-23 15:29:25', '2025-11-23 15:29:25'),
(307, 'Четверг', 2, 237, NULL, NULL, 31, NULL, 'C', 0, '2025-11-23 15:29:25', '2025-11-23 15:29:25'),
(308, 'Четверг', 2, 233, NULL, NULL, 111, NULL, 'A', 0, '2025-11-23 15:29:25', '2025-11-23 15:29:25'),
(309, 'Четверг', 2, 233, NULL, NULL, 93, NULL, 'B', 0, '2025-11-23 15:29:25', '2025-11-23 15:29:25'),
(310, 'Четверг', 2, 234, NULL, NULL, 46, NULL, 'A', 0, '2025-11-23 15:29:25', '2025-11-23 15:29:25'),
(311, 'Четверг', 2, 234, NULL, NULL, NULL, NULL, 'B', 0, '2025-11-23 15:29:25', '2025-11-23 15:29:25'),
(312, 'Четверг', 2, 235, NULL, NULL, 117, NULL, NULL, 0, '2025-11-23 15:29:25', '2025-11-23 15:29:25'),
(313, 'Четверг', 3, 220, NULL, NULL, 103, NULL, NULL, 0, '2025-11-23 15:29:25', '2025-11-23 15:29:25'),
(314, 'Четверг', 3, 221, NULL, NULL, 73, NULL, 'A', 0, '2025-11-23 15:29:25', '2025-11-23 15:29:25'),
(315, 'Четверг', 3, 221, NULL, NULL, 85, NULL, 'B', 0, '2025-11-23 15:29:25', '2025-11-23 15:29:25'),
(316, 'Четверг', 3, 222, NULL, NULL, 28, NULL, NULL, 0, '2025-11-23 15:29:25', '2025-11-23 15:29:25'),
(317, 'Четверг', 3, 223, NULL, NULL, 69, NULL, NULL, 0, '2025-11-23 15:29:25', '2025-11-23 15:29:25'),
(318, 'Четверг', 3, 224, NULL, NULL, 33, NULL, NULL, 0, '2025-11-23 15:29:25', '2025-11-23 15:29:25'),
(319, 'Четверг', 3, 225, NULL, NULL, 31, NULL, NULL, 0, '2025-11-23 15:29:25', '2025-11-23 15:29:25'),
(320, 'Четверг', 3, 226, NULL, NULL, 25, NULL, NULL, 0, '2025-11-23 15:29:25', '2025-11-23 15:29:25'),
(321, 'Четверг', 3, 230, NULL, NULL, 32, NULL, NULL, 0, '2025-11-23 15:29:25', '2025-11-23 15:29:25'),
(322, 'Четверг', 3, 236, NULL, NULL, 93, NULL, NULL, 0, '2025-11-23 15:29:25', '2025-11-23 15:29:25'),
(323, 'Четверг', 3, 232, NULL, NULL, NULL, NULL, 'A', 0, '2025-11-23 15:29:25', '2025-11-23 15:29:25'),
(324, 'Четверг', 3, 232, NULL, NULL, 22, NULL, 'B', 0, '2025-11-23 15:29:25', '2025-11-23 15:29:25'),
(325, 'Четверг', 3, 237, NULL, NULL, NULL, NULL, 'A', 0, '2025-11-23 15:29:25', '2025-11-23 15:29:25'),
(326, 'Четверг', 3, 237, NULL, NULL, NULL, NULL, 'B', 0, '2025-11-23 15:29:25', '2025-11-23 15:29:25'),
(327, 'Четверг', 3, 233, NULL, NULL, 84, NULL, NULL, 0, '2025-11-23 15:29:25', '2025-11-23 15:29:25'),
(328, 'Четверг', 3, 234, NULL, NULL, 117, NULL, NULL, 0, '2025-11-23 15:29:25', '2025-11-23 15:29:25'),
(329, 'Четверг', 3, 235, NULL, NULL, 34, NULL, NULL, 0, '2025-11-23 15:29:25', '2025-11-23 15:29:25'),
(330, 'Четверг', 4, 220, NULL, NULL, 33, NULL, NULL, 0, '2025-11-23 15:29:25', '2025-11-23 15:29:25'),
(331, 'Четверг', 4, 221, NULL, NULL, NULL, NULL, NULL, 0, '2025-11-23 15:29:25', '2025-11-23 15:29:25'),
(332, 'Четверг', 4, 222, NULL, NULL, NULL, NULL, NULL, 0, '2025-11-23 15:29:25', '2025-11-23 15:29:25'),
(333, 'Четверг', 4, 223, NULL, NULL, 111, NULL, 'A', 0, '2025-11-23 15:29:25', '2025-11-23 15:29:25'),
(334, 'Четверг', 4, 223, NULL, NULL, 81, NULL, 'B', 0, '2025-11-23 15:29:25', '2025-11-23 15:29:25'),
(335, 'Четверг', 4, 224, NULL, NULL, 105, NULL, NULL, 0, '2025-11-23 15:29:25', '2025-11-23 15:29:25'),
(336, 'Четверг', 4, 225, NULL, NULL, NULL, NULL, NULL, 0, '2025-11-23 15:29:25', '2025-11-23 15:29:25'),
(337, 'Четверг', 4, 226, NULL, NULL, NULL, NULL, NULL, 0, '2025-11-23 15:29:25', '2025-11-23 15:29:25'),
(338, 'Четверг', 4, 230, NULL, NULL, 69, NULL, NULL, 0, '2025-11-23 15:29:25', '2025-11-23 15:29:25'),
(339, 'Четверг', 4, 236, NULL, NULL, 84, NULL, NULL, 0, '2025-11-23 15:29:25', '2025-11-23 15:29:25'),
(340, 'Четверг', 4, 232, NULL, NULL, NULL, NULL, NULL, 0, '2025-11-23 15:29:25', '2025-11-23 15:29:25'),
(341, 'Четверг', 4, 237, NULL, NULL, NULL, NULL, NULL, 0, '2025-11-23 15:29:25', '2025-11-23 15:29:25'),
(342, 'Четверг', 4, 233, NULL, NULL, NULL, NULL, 'A', 0, '2025-11-23 15:29:25', '2025-11-23 15:29:25'),
(343, 'Четверг', 4, 233, NULL, NULL, NULL, NULL, 'B', 0, '2025-11-23 15:29:25', '2025-11-23 15:29:25'),
(344, 'Четверг', 4, 234, NULL, NULL, 25, NULL, NULL, 0, '2025-11-23 15:29:25', '2025-11-23 15:29:25'),
(345, 'Четверг', 4, 235, NULL, NULL, 103, NULL, NULL, 0, '2025-11-23 15:29:25', '2025-11-23 15:29:25'),
(346, 'Четверг', 5, 220, NULL, NULL, NULL, NULL, NULL, 0, '2025-11-23 15:29:25', '2025-11-23 15:29:25'),
(347, 'Четверг', 5, 221, NULL, NULL, NULL, NULL, NULL, 0, '2025-11-23 15:29:25', '2025-11-23 15:29:25'),
(348, 'Четверг', 5, 222, NULL, NULL, NULL, NULL, NULL, 0, '2025-11-23 15:29:25', '2025-11-23 15:29:25'),
(349, 'Четверг', 5, 223, NULL, NULL, NULL, NULL, NULL, 0, '2025-11-23 15:29:25', '2025-11-23 15:29:25'),
(350, 'Четверг', 5, 224, NULL, NULL, NULL, NULL, NULL, 0, '2025-11-23 15:29:25', '2025-11-23 15:29:25'),
(351, 'Четверг', 5, 225, NULL, NULL, NULL, NULL, NULL, 0, '2025-11-23 15:29:25', '2025-11-23 15:29:25'),
(352, 'Четверг', 5, 226, NULL, NULL, NULL, NULL, NULL, 0, '2025-11-23 15:29:25', '2025-11-23 15:29:25'),
(353, 'Четверг', 5, 230, NULL, NULL, NULL, NULL, NULL, 0, '2025-11-23 15:29:25', '2025-11-23 15:29:25'),
(354, 'Четверг', 5, 236, NULL, NULL, NULL, NULL, NULL, 0, '2025-11-23 15:29:25', '2025-11-23 15:29:25'),
(355, 'Четверг', 5, 232, NULL, NULL, NULL, NULL, NULL, 0, '2025-11-23 15:29:25', '2025-11-23 15:29:25'),
(356, 'Четверг', 5, 237, NULL, NULL, NULL, NULL, NULL, 0, '2025-11-23 15:29:25', '2025-11-23 15:29:25'),
(357, 'Четверг', 5, 233, NULL, NULL, NULL, NULL, NULL, 0, '2025-11-23 15:29:25', '2025-11-23 15:29:25'),
(358, 'Четверг', 5, 234, NULL, NULL, NULL, NULL, NULL, 0, '2025-11-23 15:29:25', '2025-11-23 15:29:25'),
(359, 'Четверг', 5, 235, NULL, NULL, NULL, NULL, NULL, 0, '2025-11-23 15:29:25', '2025-11-23 15:29:25'),
(360, 'Пятница', 1, 220, NULL, NULL, 89, NULL, NULL, 0, '2025-11-23 15:29:25', '2025-11-23 15:29:25'),
(361, 'Пятница', 1, 221, NULL, NULL, 69, NULL, NULL, 0, '2025-11-23 15:29:25', '2025-11-23 15:29:25'),
(362, 'Пятница', 1, 222, NULL, NULL, 111, NULL, 'A', 0, '2025-11-23 15:29:25', '2025-11-23 15:29:25'),
(363, 'Пятница', 1, 222, NULL, NULL, 85, NULL, 'B', 0, '2025-11-23 15:29:25', '2025-11-23 15:29:25'),
(364, 'Пятница', 1, 223, NULL, NULL, 24, NULL, 'A', 0, '2025-11-23 15:29:25', '2025-11-23 15:29:25'),
(365, 'Пятница', 1, 223, NULL, NULL, 23, NULL, 'B', 0, '2025-11-23 15:29:25', '2025-11-23 15:29:25'),
(366, 'Пятница', 1, 224, NULL, NULL, 20, NULL, NULL, 0, '2025-11-23 15:29:25', '2025-11-23 15:29:25'),
(367, 'Пятница', 1, 225, NULL, NULL, 118, NULL, 'A', 0, '2025-11-23 15:29:25', '2025-11-23 15:29:25'),
(368, 'Пятница', 1, 225, NULL, NULL, 46, NULL, 'B', 0, '2025-11-23 15:29:25', '2025-11-23 15:29:25'),
(369, 'Пятница', 1, 226, NULL, NULL, 28, NULL, NULL, 0, '2025-11-23 15:29:25', '2025-11-23 15:29:25'),
(370, 'Пятница', 1, 230, NULL, NULL, 84, NULL, NULL, 0, '2025-11-23 15:29:25', '2025-11-23 15:29:25'),
(371, 'Пятница', 1, 236, NULL, NULL, NULL, NULL, NULL, 0, '2025-11-23 15:29:25', '2025-11-23 15:29:25'),
(372, 'Пятница', 1, 232, NULL, NULL, 103, NULL, NULL, 0, '2025-11-23 15:29:25', '2025-11-23 15:29:25'),
(373, 'Пятница', 1, 237, NULL, NULL, NULL, NULL, NULL, 0, '2025-11-23 15:29:25', '2025-11-23 15:29:25'),
(374, 'Пятница', 1, 233, NULL, NULL, 100, NULL, NULL, 0, '2025-11-23 15:29:25', '2025-11-23 15:29:25'),
(375, 'Пятница', 1, 234, NULL, NULL, 117, NULL, NULL, 0, '2025-11-23 15:29:25', '2025-11-23 15:29:25'),
(376, 'Пятница', 2, 220, NULL, NULL, 28, NULL, NULL, 0, '2025-11-23 15:29:25', '2025-11-23 15:29:25'),
(377, 'Пятница', 2, 221, NULL, NULL, 24, NULL, 'A', 0, '2025-11-23 15:29:25', '2025-11-23 15:29:25'),
(378, 'Пятница', 2, 221, NULL, NULL, 90, NULL, 'B', 0, '2025-11-23 15:29:25', '2025-11-23 15:29:25'),
(379, 'Пятница', 2, 222, NULL, NULL, NULL, NULL, NULL, 0, '2025-11-23 15:29:25', '2025-11-23 15:29:25'),
(380, 'Пятница', 2, 223, NULL, NULL, NULL, NULL, 'A', 0, '2025-11-23 15:29:25', '2025-11-23 15:29:25'),
(381, 'Пятница', 2, 223, NULL, NULL, 89, NULL, 'B', 0, '2025-11-23 15:29:25', '2025-11-23 15:29:25'),
(382, 'Пятница', 2, 224, NULL, NULL, NULL, NULL, 'A', 0, '2025-11-23 15:29:25', '2025-11-23 15:29:25'),
(383, 'Пятница', 2, 224, NULL, NULL, NULL, NULL, 'B', 0, '2025-11-23 15:29:25', '2025-11-23 15:29:25'),
(384, 'Пятница', 2, 225, NULL, NULL, NULL, NULL, 'A', 0, '2025-11-23 15:29:25', '2025-11-23 15:29:25'),
(385, 'Пятница', 2, 225, NULL, NULL, 33, NULL, 'B', 0, '2025-11-23 15:29:25', '2025-11-23 15:29:25'),
(386, 'Пятница', 2, 226, NULL, NULL, 119, NULL, 'A', 0, '2025-11-23 15:29:25', '2025-11-23 15:29:25'),
(387, 'Пятница', 2, 226, NULL, NULL, 75, NULL, 'B', 0, '2025-11-23 15:29:25', '2025-11-23 15:29:25'),
(388, 'Пятница', 2, 230, NULL, NULL, NULL, NULL, 'A', 0, '2025-11-23 15:29:25', '2025-11-23 15:29:25'),
(389, 'Пятница', 2, 230, NULL, NULL, 69, NULL, 'B', 0, '2025-11-23 15:29:25', '2025-11-23 15:29:25'),
(390, 'Пятница', 2, 236, NULL, NULL, 32, NULL, NULL, 0, '2025-11-23 15:29:25', '2025-11-23 15:29:25'),
(391, 'Пятница', 2, 232, NULL, NULL, NULL, NULL, 'A', 0, '2025-11-23 15:29:25', '2025-11-23 15:29:25'),
(392, 'Пятница', 2, 232, NULL, NULL, 117, NULL, 'B', 0, '2025-11-23 15:29:25', '2025-11-23 15:29:25'),
(393, 'Пятница', 2, 237, NULL, NULL, NULL, NULL, 'A', 0, '2025-11-23 15:29:25', '2025-11-23 15:29:25'),
(394, 'Пятница', 2, 237, NULL, NULL, 22, NULL, 'B', 0, '2025-11-23 15:29:25', '2025-11-23 15:29:25'),
(395, 'Пятница', 2, 233, NULL, NULL, 105, NULL, NULL, 0, '2025-11-23 15:29:25', '2025-11-23 15:29:25'),
(396, 'Пятница', 2, 234, NULL, NULL, NULL, NULL, 'A', 0, '2025-11-23 15:29:25', '2025-11-23 15:29:25'),
(397, 'Пятница', 2, 234, NULL, NULL, 102, NULL, 'B', 0, '2025-11-23 15:29:25', '2025-11-23 15:29:25'),
(398, 'Пятница', 2, 235, NULL, NULL, 25, NULL, NULL, 0, '2025-11-23 15:29:25', '2025-11-23 15:29:25'),
(399, 'Пятница', 3, 220, NULL, NULL, 23, NULL, 'A', 0, '2025-11-23 15:29:25', '2025-11-23 15:29:25'),
(400, 'Пятница', 3, 220, NULL, NULL, 95, NULL, 'B', 0, '2025-11-23 15:29:25', '2025-11-23 15:29:25'),
(401, 'Пятница', 3, 221, NULL, NULL, 69, NULL, NULL, 0, '2025-11-23 15:29:25', '2025-11-23 15:29:25'),
(402, 'Пятница', 3, 222, NULL, NULL, 32, NULL, NULL, 0, '2025-11-23 15:29:25', '2025-11-23 15:29:25'),
(403, 'Пятница', 3, 223, NULL, NULL, 98, NULL, NULL, 0, '2025-11-23 15:29:25', '2025-11-23 15:29:25'),
(404, 'Пятница', 3, 224, NULL, NULL, 34, NULL, NULL, 0, '2025-11-23 15:29:25', '2025-11-23 15:29:25'),
(405, 'Пятница', 3, 225, NULL, NULL, 103, NULL, NULL, 0, '2025-11-23 15:29:25', '2025-11-23 15:29:25'),
(406, 'Пятница', 3, 226, NULL, NULL, 22, NULL, 'A', 0, '2025-11-23 15:29:25', '2025-11-23 15:29:25'),
(407, 'Пятница', 3, 226, NULL, NULL, 102, NULL, 'B', 0, '2025-11-23 15:29:25', '2025-11-23 15:29:25'),
(408, 'Пятница', 3, 230, NULL, NULL, NULL, NULL, NULL, 0, '2025-11-23 15:29:25', '2025-11-23 15:29:25'),
(409, 'Пятница', 3, 236, NULL, NULL, 118, NULL, NULL, 0, '2025-11-23 15:29:25', '2025-11-23 15:29:25'),
(410, 'Пятница', 3, 232, NULL, NULL, 89, NULL, NULL, 0, '2025-11-23 15:29:25', '2025-11-23 15:29:25'),
(411, 'Пятница', 3, 237, NULL, NULL, 117, NULL, NULL, 0, '2025-11-23 15:29:25', '2025-11-23 15:29:25'),
(412, 'Пятница', 3, 233, NULL, NULL, 90, NULL, 'A', 0, '2025-11-23 15:29:25', '2025-11-23 15:29:25'),
(413, 'Пятница', 3, 233, NULL, NULL, 24, NULL, 'B', 0, '2025-11-23 15:29:25', '2025-11-23 15:29:25'),
(414, 'Пятница', 3, 235, NULL, NULL, 104, NULL, NULL, 0, '2025-11-23 15:29:25', '2025-11-23 15:29:25'),
(415, 'Пятница', 4, 220, NULL, NULL, 31, NULL, NULL, 0, '2025-11-23 15:29:25', '2025-11-23 15:29:25'),
(416, 'Пятница', 4, 221, NULL, NULL, NULL, NULL, NULL, 0, '2025-11-23 15:29:25', '2025-11-23 15:29:25'),
(417, 'Пятница', 4, 222, NULL, NULL, 98, NULL, NULL, 0, '2025-11-23 15:29:25', '2025-11-23 15:29:25'),
(418, 'Пятница', 4, 223, NULL, NULL, NULL, NULL, NULL, 0, '2025-11-23 15:29:25', '2025-11-23 15:29:25'),
(419, 'Пятница', 4, 224, NULL, NULL, NULL, NULL, NULL, 0, '2025-11-23 15:29:25', '2025-11-23 15:29:25'),
(420, 'Пятница', 4, 225, NULL, NULL, 34, NULL, NULL, 0, '2025-11-23 15:29:25', '2025-11-23 15:29:25'),
(421, 'Пятница', 4, 226, NULL, NULL, 33, NULL, NULL, 0, '2025-11-23 15:29:25', '2025-11-23 15:29:25'),
(422, 'Пятница', 4, 230, NULL, NULL, 28, NULL, NULL, 0, '2025-11-23 15:29:25', '2025-11-23 15:29:25'),
(423, 'Пятница', 4, 236, NULL, NULL, 69, NULL, NULL, 0, '2025-11-23 15:29:25', '2025-11-23 15:29:25'),
(424, 'Пятница', 4, 232, NULL, NULL, NULL, NULL, NULL, 0, '2025-11-23 15:29:25', '2025-11-23 15:29:25'),
(425, 'Пятница', 4, 237, NULL, NULL, NULL, NULL, NULL, 0, '2025-11-23 15:29:25', '2025-11-23 15:29:25'),
(426, 'Пятница', 4, 233, NULL, NULL, NULL, NULL, NULL, 0, '2025-11-23 15:29:25', '2025-11-23 15:29:25'),
(427, 'Пятница', 4, 234, NULL, NULL, NULL, NULL, NULL, 0, '2025-11-23 15:29:25', '2025-11-23 15:29:25'),
(428, 'Пятница', 4, 235, NULL, NULL, 102, NULL, 'A', 0, '2025-11-23 15:29:25', '2025-11-23 15:29:25'),
(429, 'Пятница', 4, 235, NULL, NULL, 100, NULL, 'B', 0, '2025-11-23 15:29:25', '2025-11-23 15:29:25'),
(430, 'Пятница', 5, 220, NULL, NULL, NULL, NULL, NULL, 0, '2025-11-23 15:29:25', '2025-11-23 15:29:25'),
(431, 'Пятница', 5, 221, NULL, NULL, NULL, NULL, NULL, 0, '2025-11-23 15:29:25', '2025-11-23 15:29:25'),
(432, 'Пятница', 5, 222, NULL, NULL, NULL, NULL, NULL, 0, '2025-11-23 15:29:25', '2025-11-23 15:29:25'),
(433, 'Пятница', 5, 223, NULL, NULL, NULL, NULL, NULL, 0, '2025-11-23 15:29:25', '2025-11-23 15:29:25'),
(434, 'Пятница', 5, 224, NULL, NULL, NULL, NULL, NULL, 0, '2025-11-23 15:29:25', '2025-11-23 15:29:25'),
(435, 'Пятница', 5, 225, NULL, NULL, NULL, NULL, NULL, 0, '2025-11-23 15:29:25', '2025-11-23 15:29:25'),
(436, 'Пятница', 5, 226, NULL, NULL, NULL, NULL, NULL, 0, '2025-11-23 15:29:25', '2025-11-23 15:29:25'),
(437, 'Пятница', 5, 230, NULL, NULL, NULL, NULL, NULL, 0, '2025-11-23 15:29:25', '2025-11-23 15:29:25'),
(438, 'Пятница', 5, 236, NULL, NULL, NULL, NULL, NULL, 0, '2025-11-23 15:29:25', '2025-11-23 15:29:25'),
(439, 'Пятница', 5, 232, NULL, NULL, NULL, NULL, NULL, 0, '2025-11-23 15:29:25', '2025-11-23 15:29:25'),
(440, 'Пятница', 5, 237, NULL, NULL, NULL, NULL, NULL, 0, '2025-11-23 15:29:25', '2025-11-23 15:29:25'),
(441, 'Пятница', 5, 233, NULL, NULL, NULL, NULL, NULL, 0, '2025-11-23 15:29:25', '2025-11-23 15:29:25'),
(442, 'Пятница', 5, 234, NULL, NULL, NULL, NULL, NULL, 0, '2025-11-23 15:29:25', '2025-11-23 15:29:25'),
(443, 'Пятница', 5, 235, NULL, NULL, NULL, NULL, NULL, 0, '2025-11-23 15:29:25', '2025-11-23 15:29:25');

-- --------------------------------------------------------

--
-- Структура таблицы `schedule_replacements`
--

CREATE TABLE `schedule_replacements` (
  `id` bigint UNSIGNED NOT NULL,
  `schedule_id` bigint UNSIGNED NOT NULL,
  `replaced_teacher_id` bigint UNSIGNED DEFAULT NULL,
  `replacement_teacher_id` bigint UNSIGNED DEFAULT NULL,
  `hours` decimal(4,2) NOT NULL DEFAULT '1.00',
  `reason` enum('ill','trip') COLLATE utf8mb4_unicode_ci NOT NULL,
  `created_at` timestamp NULL DEFAULT NULL,
  `updated_at` timestamp NULL DEFAULT NULL
) ENGINE=InnoDB DEFAULT CHARSET=utf8mb4 COLLATE=utf8mb4_unicode_ci;

-- --------------------------------------------------------

--
-- Структура таблицы `sessions`
--

CREATE TABLE `sessions` (
  `id` varchar(255) COLLATE utf8mb4_unicode_ci NOT NULL,
  `user_id` bigint UNSIGNED DEFAULT NULL,
  `ip_address` varchar(45) COLLATE utf8mb4_unicode_ci DEFAULT NULL,
  `user_agent` text COLLATE utf8mb4_unicode_ci,
  `payload` longtext COLLATE utf8mb4_unicode_ci NOT NULL,
  `last_activity` int NOT NULL
) ENGINE=InnoDB DEFAULT CHARSET=utf8mb4 COLLATE=utf8mb4_unicode_ci;

-- --------------------------------------------------------

--
-- Структура таблицы `specialties`
--

CREATE TABLE `specialties` (
  `id` bigint UNSIGNED NOT NULL,
  `name_specialty` varchar(255) COLLATE utf8mb4_unicode_ci NOT NULL,
  `number_specialty` int NOT NULL,
  `created_at` timestamp NULL DEFAULT NULL,
  `updated_at` timestamp NULL DEFAULT NULL
) ENGINE=InnoDB DEFAULT CHARSET=utf8mb4 COLLATE=utf8mb4_unicode_ci;

--
-- Дамп данных таблицы `specialties`
--

INSERT INTO `specialties` (`id`, `name_specialty`, `number_specialty`, `created_at`, `updated_at`) VALUES
(1, 'ПО', 6130100, '2025-11-21 17:24:34', '2025-11-21 17:24:34'),
(2, 'СИБ', 6120200, '2025-11-21 17:24:34', '2025-11-21 17:24:34'),
(3, 'М', 4130100, '2025-11-21 17:24:34', '2025-11-21 17:24:34'),
(4, 'ТЭ', 7130700, '2025-11-21 17:24:34', '2025-11-21 17:24:34');

-- --------------------------------------------------------

--
-- Структура таблицы `subjects`
--

CREATE TABLE `subjects` (
  `id` bigint UNSIGNED NOT NULL,
  `subject_title` varchar(255) COLLATE utf8mb4_unicode_ci DEFAULT NULL,
  `subject_index` decimal(4,1) DEFAULT NULL,
  `subject_name` varchar(255) COLLATE utf8mb4_unicode_ci DEFAULT NULL,
  `module_id` bigint UNSIGNED DEFAULT NULL,
  `created_at` timestamp NULL DEFAULT NULL,
  `updated_at` timestamp NULL DEFAULT NULL
) ENGINE=InnoDB DEFAULT CHARSET=utf8mb4 COLLATE=utf8mb4_unicode_ci;

--
-- Дамп данных таблицы `subjects`
--

INSERT INTO `subjects` (`id`, `subject_title`, `subject_index`, `subject_name`, `module_id`, `created_at`, `updated_at`) VALUES
(1, 'РО 1.1.', NULL, 'Укреплять здоровье и соблюдать принципы здорового образа жизни.', 17, NULL, NULL),
(2, 'РО 1.2.', NULL, 'Совершенствовать физические качества и психофизиологические способности.', 17, NULL, NULL),
(3, 'РО 2.1.', NULL, 'Владеть основами информационно-коммуникационных технологий.', 18, NULL, NULL),
(4, 'РО 2.2.', NULL, 'Использовать услуги информационно-справочных и интерактивных веб-порталов.', 18, NULL, NULL),
(5, 'РО 3.1.', NULL, 'Владеть основными вопросами в области экономической теории', 19, NULL, NULL),
(6, 'РО 3.2.', NULL, 'Анализировать и оценивать экономические процессы, происходящие на предприятии', 19, NULL, NULL),
(7, 'РО 3.3.', NULL, 'Понимать тенденции развития мировой экономики, основные задачи перехода государства к «зеленой» экономике. ', 19, NULL, NULL),
(8, 'РО 3.4.', NULL, 'Владеть научными и законодательными основами организации и ведения предпринимательской деятельности в Республике Казахстан.', 19, NULL, NULL),
(9, 'РО 3.5.', NULL, 'Соблюдать этику делового общения', 19, NULL, NULL),
(10, 'РО 5.1.', NULL, 'Использовать на практике терминологию на государственном языке по специальности', 20, NULL, NULL),
(11, 'РО 5.2.', NULL, 'Использовать на практике терминологию на иностранном языке по специальности', 20, NULL, NULL),
(12, 'РО 1.1.', NULL, 'Владеть принципами и методами обработки графики для различных целей.', 21, NULL, NULL),
(13, 'РО 1.2.', NULL, 'Определять стратегию дизайна и разрабатывать макеты пользовательского интерфейса относительно функциональности ПО.', 21, NULL, NULL),
(14, 'РО 1.3.', NULL, 'Разрабатывать дизайн виртуальных локаций (VR/AR/MR) и обеспечивать их редактирование.', 21, NULL, NULL),
(15, 'РО 2.1.', NULL, 'Разрабатывать визуальное представление сайта.', 22, NULL, NULL),
(16, 'РО 2.2.', NULL, 'Разрабатывать функциональные возможности сайта.', 22, NULL, NULL),
(21, 'РО 4.1.', NULL, 'Производить монтаж сетевого и серверного оборудования, систем видеонаблюдения и СКУД.', 61, NULL, NULL),
(22, 'РО 4.2.', NULL, 'Понимать роль и место культуры народов Республики Казахстан в мировой цивилизации.', 24, NULL, NULL),
(23, 'РО 4.3.', NULL, 'Владеть сведениями об основных отраслях права.', 24, NULL, NULL),
(24, 'РО 4.4.', NULL, 'Владеть основными понятиями социологии и политологии.', 24, NULL, NULL),
(25, 'РО 4.1.', NULL, 'Управлять сервисными программами и оборудованиями.', 25, NULL, NULL),
(26, 'РО 4.2.', NULL, 'Конфигурировать сетевые сервисы и сетевое оборудование.', 61, NULL, NULL),
(27, 'РО 5.1.', NULL, 'Разрабатывать 3D модели для игрового контента.', 62, NULL, NULL),
(28, 'РО 5.2.', NULL, 'Разрабатывать прототипы моделей.', 62, NULL, NULL),
(29, 'РО 5.3.', NULL, 'Разрабатывать мобильные робототехнические системы.', 62, NULL, NULL),
(30, 'РО 6.1.', NULL, 'Разработать техническое задание программного решения.', 27, NULL, NULL),
(31, 'РО 6.2.', NULL, 'Создавать сопроводительную документацию для программного решения.', 27, NULL, NULL),
(33, 'РО 7.1.', NULL, 'Писать программный код микроконтроллеров.', 28, NULL, NULL),
(34, 'РО 7.2.', NULL, 'Использовать аппаратное  и программное обеспечение микроконтроллеров. ', 28, NULL, NULL),
(35, 'РО 8.1.', NULL, 'Устанавливать программное обеспечение для администрирования базы данных.', 29, NULL, NULL),
(36, 'РО 8.2.', NULL, 'Обеспечивать функционирование базы  данных', 29, NULL, NULL),
(37, 'РО 8.3.', NULL, 'Настраивать  программное обеспечение  для поддержки работы пользователей с базой данных.', 29, NULL, NULL),
(38, 'РО 9.1.', NULL, 'Администрировать ресурсы облака.', 30, NULL, NULL),
(39, 'РО 9.2.', NULL, 'Сопровождать существующие компоненты сервиса.', 30, NULL, NULL),
(40, 'РО 10.1.', NULL, 'Устанавливать системное и прикладное программное обеспечение, необходимое для функционирования информационных систем.', 31, NULL, NULL),
(41, 'РО 10.2.', NULL, 'Осуществлять инженерно-техническую поддержку заключения договоров на выполняемые работы, связанные с информационной системой.', 31, NULL, NULL),
(42, 'РО 11.1.', NULL, 'Устанавливать аппаратно-программное средство обеспечения информационной безопасности.', 32, NULL, NULL),
(43, 'РО 11.2.', NULL, 'Осуществлять администрирование аппаратно-программных средств обеспечения информационной безопасности.', 32, NULL, NULL),
(44, 'РО 12.1', NULL, 'Создавать досупные и используемые веб-сайты для различных устройств и разрешения экрана', 33, NULL, NULL),
(45, 'РО 12.2', NULL, 'Создавать и обновлять код JAVA Script для улучшения функционирования веб-сайтов', 33, NULL, NULL),
(46, 'РО 4.1.', NULL, 'Администрировать механизмы безопасности', 34, NULL, NULL),
(47, 'РО 4.2.', NULL, 'Реагировать на инциденты информационной безопасности.', 34, NULL, NULL),
(48, 'РО 4.3.', NULL, 'Обеспечивать информационную безопасность.', 61, NULL, NULL),
(49, 'РО 4.4.', NULL, 'Интегрировать облачную инфраструктуры с сервисами предприятия.', 61, NULL, NULL),
(50, 'РО 4.5.', NULL, 'Выполнять обслуживание информационных систем.', 61, NULL, NULL),
(51, 'РО 4.6.', NULL, 'Восстанавливать работоспособность аппаратно- программных средств обеспечения информационной безопасности.', 34, NULL, NULL),
(52, 'РО 4.7.', NULL, 'Анализировать защищенность, проектировать и создавать безопасные конфигурации информационной системы; расследование инцидентов.', NULL, NULL, NULL),
(53, 'РО 4.1.', NULL, 'Вести учет кадров и кадровую документацию в строгом соответствии с требованиями и нормами, установленными законодательством.', NULL, NULL, NULL),
(54, 'РО 4.2.', NULL, 'Проводить поиск, подбор и отбор персонала.', NULL, NULL, NULL),
(55, 'РО 4.3.', NULL, 'Участвовать в проведении анализа трудовых процессов.', NULL, NULL, NULL),
(56, 'РО 4.4.', NULL, 'Осуществлять постановку задач персоналу, занимающемуся продажами, в том числе через Интернет.', NULL, NULL, NULL),
(57, 'РО 5.1.', NULL, 'Участвовать в выполнении финансовых операций.', NULL, NULL, NULL),
(58, 'РО 5.2.', NULL, 'Проводить грамотный подсчёт и расчёт доходов и расходов предприятия  в условиях рыночной экономики ', NULL, NULL, NULL),
(59, 'РО 5.3.', NULL, 'Участвовать в проведении анализа финансово- хозяйственной деятельности фирмы.', NULL, NULL, NULL),
(60, 'РО 2.3.', NULL, 'Конструировать функциональные возможности сайта.', NULL, NULL, NULL),
(61, 'РО 2.4.', NULL, 'Применять терминологию на государственном языке при разработке и администрировании web-ресурсов.', NULL, NULL, NULL),
(62, 'РО 2.5.', NULL, 'Применять иностранную терминологию при разработке и администрировании web-ресурсов.', NULL, NULL, NULL),
(65, 'РО 1.2.', NULL, 'Выполнять настройку сервера протокола динамической маршрутизации, службу разрешения доменных имен, веб-сервера, интернет- шлюза.', NULL, NULL, NULL),
(66, 'РО 1.3.', NULL, 'Конфигурировать службу удаленного доступа, веб-службы, службы хранения данных, параметров безопасности и служб аутентификации, сертификации.', NULL, NULL, NULL),
(67, 'РО 1.5.', NULL, 'Поддерживать виртуальные цифровые модели', NULL, NULL, NULL),
(68, 'РО 1.4.', NULL, 'Обеспечивать защиту информационной инфраструктуры', NULL, NULL, NULL),
(69, 'РО 2.1.', NULL, 'Применять методы структурного программирования', NULL, NULL, NULL),
(70, 'РО 2.2.', NULL, 'Применять эффективные системы для хранения, обработки и защиты данных.', NULL, NULL, NULL),
(71, 'РО 2.3.', NULL, 'Проектировать системы управления баз данных', NULL, NULL, NULL),
(72, 'РО 2.4.', NULL, 'Создавать и редактировать Web-ресурсы', NULL, NULL, NULL),
(73, 'РО 2.5.', NULL, 'Разрабатывать приложения с применением основ объектно-ориентированного программирования', NULL, NULL, NULL),
(74, 'РО 2.6.', NULL, 'Применять цифровые производственные модели', NULL, NULL, NULL),
(75, 'РО 1.1.', NULL, 'Осуществлять документирование и обеспечивать документооборот с применением современных автоматизированных технологий. ', NULL, NULL, NULL),
(76, 'РО 1.2.', NULL, 'Устанавливать контакты и организовывать переговоры и встречи с учетом правил делового общения.', NULL, NULL, NULL),
(77, 'РО 1.3.', NULL, 'Обеспечивать работников необходимыми материально-техническими средствами для создания оптимальных условий труда. ', NULL, NULL, NULL),
(78, 'РО 1.4.', NULL, 'Знать особенности составления бизнес-плана, разработки стратегии управления предприятием. ', NULL, NULL, NULL),
(79, 'РО 2.1.', NULL, 'Анализировать требования потребителей к продукту на основе результатов маркетинговых исследований.', NULL, NULL, NULL),
(80, 'РО 2.2.', NULL, 'Разрабатывать стратегии привлечения клиентов с целью увеличения объемов продаж, в том числе через Интернет.', NULL, NULL, NULL),
(81, 'РО 2.3.', NULL, 'Контролировать и прогнозировать цикл продаж.', NULL, NULL, NULL),
(82, 'РО 2.4.', NULL, 'Разрабатывать планы презентаций продукта, PR-акций, рекламных акций по стимулированию продаж.', NULL, NULL, NULL),
(83, 'РО 3.1.', NULL, 'Подбирать оптимальные программы продвижения.', NULL, NULL, NULL),
(84, 'РО 3.2.', NULL, 'Создавать, поддерживать, контролировать и осуществлять постоянный мониторинг социальных сетей.', NULL, NULL, NULL),
(85, 'РО 3.3.', NULL, 'Осуществлять обработку контента, обновлять его, согласно установленного плана и задач компании.  ', NULL, NULL, NULL),
(86, 'РО 1.1.', NULL, 'Осуществлять базовую подготовку простых монтажных и такелажных работ.', NULL, NULL, NULL),
(87, 'РО 1.2.', NULL, 'Читать технические чертежи и электрические схемы, вычерчивать контуры деталей.', NULL, NULL, NULL),
(88, 'РО 1.3.', NULL, 'Различать базовые конструкции и принципы работы электрооборудования; материалы, их строение и свойства.', NULL, NULL, NULL),
(90, 'РО 2.1.', NULL, 'Выполнять обслуживание электрооборудования.', NULL, NULL, NULL),
(91, 'РО 2.2.', NULL, 'Выполнять монтаж внутренних электрических цепей.', NULL, NULL, NULL),
(92, 'РО 2.3.', NULL, 'Выполнять монтаж электрических машин и аппаратов управления.', NULL, NULL, NULL),
(93, 'РО 2.4.', NULL, 'Применять программируемый логический контроллер.', NULL, NULL, NULL),
(94, 'РО 3.1.', NULL, 'Производить осмотр состояния оборудования.', NULL, NULL, NULL),
(95, 'РО 3.2.', NULL, 'Выполнять оперативные переключения.', NULL, NULL, NULL),
(96, 'РО 3.3.', NULL, 'Проводить текущий (мелкий) и плановый ремонт электрооборудования.', NULL, NULL, NULL),
(97, 'РО 3.4.', NULL, 'Осуществлять введение oперативно-технической документации.', NULL, NULL, NULL),
(102, 'РО 5.4.', NULL, 'Оформлять техническую документацию на ремонтные работы.', NULL, NULL, NULL),
(103, 'РО 6.1.', NULL, 'Применять методы наладки и регулировки электрооборудования.', NULL, NULL, NULL),
(104, 'РО 6.2.', NULL, 'Выполнять наладку общестанционных устройств и дистанционного оборудования.', NULL, NULL, NULL),
(106, 'РО 3.1.', NULL, 'Разрабатывать программные решения на языках программирования.', NULL, NULL, NULL),
(107, 'РО 3.2.', NULL, 'Разрабатывать, внедрять и сопровождать программные решения автоматизированных информационных систем.', NULL, NULL, NULL),
(108, 'РО 3.3', NULL, 'Разрабатывать программные решения для мобильных устройств.', NULL, NULL, NULL),
(122, 'РО 2.1', NULL, 'Разрабатывать  скрипты для автоматизации задач администрирования.', NULL, NULL, NULL),
(123, 'РО 2.2', NULL, 'Администрировать базы данных.', NULL, NULL, NULL),
(124, 'РО 2.3', NULL, 'Администрировать Web-ресурсы.', NULL, NULL, NULL),
(125, 'РО 2.4', NULL, 'Создавать системные приложения.', NULL, NULL, NULL),
(126, 'РО 3.1', NULL, 'Анализировать исходные коды информационных систем.', NULL, NULL, NULL),
(127, 'РО 3.2', NULL, 'Обследовать информационные системы на защищенность информации.', NULL, NULL, NULL),
(128, 'РО 3.3', NULL, 'Анализировать  доступные уязвимости информационных систем.', NULL, NULL, NULL),
(129, 'РО 4.1', NULL, 'Выполнять восстановление работоспособности информационных систем.', NULL, NULL, NULL),
(130, 'РО 4.2', NULL, 'Учитывать анализ последствий инцидентов информационной безопасности.', NULL, NULL, NULL),
(131, 'РО 5.1', NULL, 'Применять аппаратно-программные системы защиты от утечек информации.', NULL, NULL, NULL),
(132, 'РО 5.2', NULL, 'Применять аппаратно-программные системы обнаружения и предотвращения вторжений.', NULL, NULL, NULL),
(133, 'РО 5.3', NULL, 'Применять средства криптографической защиты информации, удовлетворяющие потребностям организации – обладателя информации.', NULL, NULL, NULL),
(134, 'РО 6.1', NULL, 'Планировать политики информационной безопасности организации.', NULL, NULL, NULL),
(135, 'РО 6.2', NULL, 'Реализовывать процессы управления и обеспечения информационной безопасности организации.', NULL, NULL, NULL),
(136, 'РО 7.1', NULL, 'Разработать техническое задание программного решения.', NULL, NULL, NULL),
(137, 'РО 7.2', NULL, 'Формирование отчетной документации  по результатам контроля защищенности информации.', NULL, NULL, NULL),
(138, 'РО 1.1', NULL, 'Осуществлять документирование и обеспечивать документооборот с применением современных автоматизированных технологий. ', NULL, NULL, NULL),
(139, 'РО 1.2', NULL, 'Устанавливать контакты и организовывать переговоры и встречи с учетом правил делового общения.', NULL, NULL, NULL),
(140, 'РО 1.3', NULL, 'Организация и контроль материально-технического обеспечения деятельности работников организации ', NULL, NULL, NULL),
(141, 'РО 1.4', NULL, 'Применять теории мотивации и корпоративной культуры', NULL, NULL, NULL),
(142, 'РО 1.1', NULL, 'Производить монтаж сетевого и серверного оборудования, систем видеонаблюдения и систем контроля управления данными.', NULL, NULL, NULL),
(143, 'РО 1.2', NULL, 'Конфигурировать сетевые сервисы и сетевое оборудование.', NULL, NULL, NULL),
(144, 'РО 1.3', NULL, 'Обеспечивать информационную безопасность.', NULL, NULL, NULL),
(145, 'РО 1.4', NULL, 'Интегрировать облачную инфраструктуры с сервисами предприятия.', NULL, NULL, NULL),
(146, 'РО 1.5', NULL, 'Автоматизировать задачи обслуживания информационных систем.', NULL, NULL, NULL),
(147, 'РО 2.1', NULL, 'Анализировать требования потребителей к продукту на основе результатов маркетинговых исследований.', NULL, NULL, NULL),
(148, 'РО 2.2', NULL, 'Разрабатывать стратегии привлечения клиентов с целью увеличения объемов продаж, в том числе через Интернет.', NULL, NULL, NULL),
(149, 'РО 2.3', NULL, 'Контролировать и прогнозировать цикл продаж.', NULL, NULL, NULL),
(150, 'РО 2.4', NULL, 'Разрабатывать планы презентаций продукта, PR-акций, рекламных акций по стимулированию продаж.', NULL, NULL, NULL),
(151, 'РО 2.5', NULL, 'Устанавливать и поддерживать контакты с клиентами.', NULL, NULL, NULL),
(152, 'РО 3.1', NULL, 'Подбирать оптимальные программы продвижения.', NULL, NULL, NULL),
(153, 'РО 3.2', NULL, 'Создавать, поддерживать, контролировать и осуществлять постоянный мониторинг социальных сетей.', NULL, NULL, NULL),
(154, 'РО 3.3', NULL, 'Осуществлять обработку контента, обновлять его, согласно установленного плана и задач компании.  ', NULL, NULL, NULL),
(155, 'РО 3.4', NULL, 'Создавать мультимедийные контенты.', NULL, NULL, NULL),
(156, 'РО 3.5', NULL, 'Создавать Self- брендинг.', NULL, NULL, NULL),
(157, 'РО 5.4', NULL, 'Осуществлять расчеты по налогообложению и другим обязательным платежам в бюджет', NULL, NULL, NULL),
(158, 'РО 1.1', NULL, 'Разрабатывать план монтажа с изложением оперативно-технической документации', NULL, NULL, NULL),
(159, 'РО 1.2', NULL, 'Организовывать условия труда на производстве, соответствующие современным стандартам экологической и промышленной безопасности.', NULL, NULL, NULL),
(160, 'РО 1.3', NULL, 'Применять правила технического обслуживания электрооборудования, электроизмерительных приборов, инструментов и приспособлений.', NULL, NULL, NULL),
(161, 'РО 1.4', NULL, 'Выполнять технологические и электрические схемы, уметь обозначать стандарты конструкторской документации', NULL, NULL, NULL),
(162, 'РО 2.1', NULL, 'Организовывать и анализировать ситуации работ по переходу от монтажа к наладке с разработкой соответствующей документации.', NULL, NULL, NULL),
(163, 'РО 2.2', NULL, 'Проводить расчеты в сфере организации и контроля строительно-монтажных работ.', NULL, NULL, NULL),
(164, 'РО 2.3', NULL, 'Выполнять настройку автоматики на основе знаний выбора подходящей технологии для монтажных работ', NULL, NULL, NULL),
(165, 'РО 2.4', NULL, 'Выполнять электромонтажные работы.', NULL, NULL, NULL),
(166, 'РО 3.1', NULL, 'Составлять и оформлять техническую и отчетную документацию на ремонт электрооборудования. ', NULL, NULL, NULL),
(167, 'РО 3.2', NULL, 'Работать с программным компьютерным обеспечением и современными средствами связи при ремонте электрооборудования. ', NULL, NULL, NULL),
(168, 'РО 3.3', NULL, 'Проводить расчеты в сфере организации контроля строительно-монтажных работ, соответственно нормам, стандартам, инструкциям и схемам. ', NULL, NULL, NULL),
(169, 'РО 3.4', NULL, 'Проводить ремонт внутрицеховых сетей и осветительных электроустановок. ', NULL, NULL, NULL),
(170, 'РО 3.5', NULL, 'Проводить техническую эксплуатацию, ремонт кабельных и воздушных линий. ', NULL, NULL, NULL),
(171, 'РО 3.6', NULL, 'Проводить техническую эксплуатацию и ремонт электрических машин и пусконаладочной аппаратуры. ', NULL, NULL, NULL),
(172, 'РО 3.7', NULL, 'Проводить техническую эксплуатацию и ремонт электрооборудования трансформаторов.', NULL, NULL, NULL),
(181, 'РО 4.1', NULL, 'Выполнять проверку и диагностирование электрооборудования с применением внешних средств контроля. ', NULL, NULL, NULL),
(182, 'РО 4.2', NULL, 'Проводить испытания технического состояния электрооборудования и технических устройств. ', NULL, NULL, NULL),
(183, 'РО 4.3', NULL, 'Применять методы наладки и регулировки электрооборудования с использованием программного обеспечения в условиях промышленного производства. ', NULL, NULL, NULL),
(184, 'РО 4.4', NULL, 'Проводить и выполнять наладку релейной защиты и автоматики.', NULL, NULL, NULL),
(185, 'РО 5.1', NULL, 'Применять акты приемо-сдаточной документации выполненных работ над электрооборудованием.', NULL, NULL, NULL),
(186, 'РО 5.2', NULL, 'Проводить приемочные работы введением оперативных переговоров и записей.', NULL, NULL, NULL),
(187, 'РО 5.3', NULL, 'Проводить испытания, освидетельствования и технические осмотры электрооборудования.', NULL, NULL, NULL),
(188, 'РО 6.1', NULL, 'Выполнять инспекционные инструкции и схемы оценивания технического состояния электрооборудования по показаниям контрольно-измерительных приборов.', NULL, NULL, NULL),
(189, 'РО 6.2', NULL, 'Координировать работы в команде и навыки управления за поддержанием технического состояния электрооборудования', NULL, NULL, NULL),
(190, 'РО 6.3', NULL, 'Производить оперативные переключения в технологических схемах зоны обслуживания.', NULL, NULL, NULL),
(191, 'РО 6.4', NULL, 'Проектировать и интегрировать систему диспетчеризации для эффективного распределения, автоматизации и мониторинга передачи энергии на всех этапах от производителя до\r\n  конечного.', NULL, NULL, NULL),
(197, 'РО 4.1', NULL, 'Координировать работу команды.', NULL, NULL, NULL),
(198, 'РО 4.2', NULL, 'Организовывать и контролировать строительно-монтажные работы персонала цеха (подразделения) в соответствии с нормами и стандартами.', NULL, NULL, NULL),
(199, 'РО 4.3', NULL, 'Производить основные технико-экономические расчеты по ремонту, монтажу, обслуживанию электромеханического оборудования предприятия.', NULL, NULL, NULL),
(200, 'РО 4.4', NULL, 'Разрабатывать мероприятия по повышению качества ремонта электромеханического оборудования.', NULL, NULL, NULL),
(201, 'РО 5.1', NULL, 'Организовывать деятельность по соблюдению требований охраны труда и техники безопасности на производстве.', NULL, NULL, NULL),
(202, 'РО 5.2', NULL, 'Составлять графики организации ремонта, наладки и обслуживания электрооборудования для структурного подразделения в соответствии с экологическими, архитектурными и нормативными\r\n  требованиями.', NULL, NULL, NULL),
(203, 'РО 5.3', NULL, 'Оформлять работы нарядом, распоряжением на производство работ.', NULL, NULL, NULL),
(204, 'РО 6.3', NULL, 'Проводить и выполнять наладку релейной защиты и автоматики', NULL, NULL, NULL),
(205, 'РО 7.1', NULL, 'Выбирать и монтировать силовое и осветительное электрооборудование', NULL, NULL, NULL),
(206, 'РО 7.2', NULL, 'Программировать в среде FBD логическое реле и подключать в схему', NULL, NULL, NULL),
(207, 'РО 4.1', NULL, 'Понимать морально-нравственные ценности и нормы, формирующие толерантность и активную личностную позицию', NULL, NULL, NULL),
(208, 'РО 3.1', NULL, 'Понимание тенденций развития мировой экономики, основных задач перехода государства к \"зеленой\" экономике.', NULL, NULL, NULL),
(209, 'РО 3.2', NULL, 'Владеть научными и законодательными основами организации и ведения предпринимательской деятельности и антикоррупционной ответственности в Республике Казахстан.', NULL, NULL, NULL),
(210, 'РО 3.3', NULL, 'Знать основные проблемы в области экономической теории.', NULL, NULL, NULL),
(211, 'РО 1.4.', NULL, 'Применение теорий мотивации и корпоративной культуры', NULL, NULL, NULL),
(212, 'РО 2.5', NULL, 'Налаживание и поддержание контактов с клиентами.', NULL, NULL, NULL),
(214, 'РО 3.4', NULL, 'М.Анализировать и оценивать экономические процессы, происходящие на предприятии', NULL, NULL, NULL);

-- --------------------------------------------------------

--
-- Структура таблицы `teachers`
--

CREATE TABLE `teachers` (
  `id` bigint UNSIGNED NOT NULL,
  `initials` varchar(20) CHARACTER SET utf8mb4 COLLATE utf8mb4_unicode_ci DEFAULT NULL,
  `teacher_name` varchar(255) COLLATE utf8mb4_unicode_ci DEFAULT NULL,
  `created_at` timestamp NULL DEFAULT NULL,
  `updated_at` timestamp NULL DEFAULT NULL
) ENGINE=InnoDB DEFAULT CHARSET=utf8mb4 COLLATE=utf8mb4_unicode_ci;

--
-- Дамп данных таблицы `teachers`
--

INSERT INTO `teachers` (`id`, `initials`, `teacher_name`, `created_at`, `updated_at`) VALUES
(20, 'Карпаева Л.Б.', 'Карпаева Л.Б.', '2025-08-08 20:20:00', '2025-08-08 20:20:00'),
(21, 'Таумова А.Е.', 'Таумова А.Е.', '2025-08-08 20:20:00', '2025-08-08 20:20:00'),
(22, 'Ахмедьянова А.М.', 'Ахмедьянова А.М.', '2025-08-08 20:20:00', '2025-08-08 20:20:00'),
(23, 'Бралина М.Д.', 'Бралина М.Д.', '2025-08-08 20:20:00', '2025-08-08 20:20:00'),
(24, 'Мухамеджанова К.Б.', 'Мухамеджанова К.Б.', '2025-08-08 20:20:00', '2025-08-08 20:20:00'),
(25, 'Султангазинова Д.С.', 'Султангазинова Д.С.', '2025-08-08 20:20:00', '2025-08-08 20:20:00'),
(26, 'Умерзакова М.К.', 'Умерзакова М.К.', '2025-08-08 20:20:00', '2025-08-08 20:20:00'),
(27, 'Оразлин А.Д.', 'Оразлин А.Д.', '2025-08-08 20:20:00', '2025-08-08 20:20:00'),
(28, 'Ксембаева Д.М.', 'Ксембаева Д.М.', '2025-08-08 20:20:00', '2025-08-08 20:20:00'),
(29, 'Серегина Е.А.', 'Серегина Е.А.', '2025-08-08 20:20:00', '2025-08-08 20:20:00'),
(31, 'Кульмуратов А.К.', 'Кульмуратов А.К.', '2025-08-08 20:20:00', '2025-08-08 20:20:00'),
(32, 'Жагапарова Г.С.', 'Жагапарова Г.С.', '2025-08-08 20:20:00', '2025-08-08 20:20:00'),
(33, 'Трубецкая Т.Н.', 'Трубецкая Т.Н.', '2025-08-08 20:20:00', '2025-08-08 20:20:00'),
(34, 'Баймухамбетов Б.В.', 'Баймухамбетов Б.В.', '2025-08-08 20:20:00', '2025-08-08 20:20:00'),
(35, 'Конакова Г.О.', 'Конакова Г.О.', '2025-08-08 20:20:00', '2025-08-08 20:20:00'),
(36, 'Шижбанова А.М.', 'Шижбанова А.М.', '2025-08-08 20:20:00', '2025-08-08 20:20:00'),
(37, 'Иванова И.Н.', 'Иванова И.Н.', '2025-08-08 20:20:00', '2025-08-08 20:20:00'),
(38, 'Айткенова А.М.', 'Айткенова А.М.', '2025-08-08 20:20:00', '2025-08-08 20:20:00'),
(39, 'Григорьев Б.В.', 'Григорьев Б.В.', NULL, NULL),
(40, 'Жалпаков Т.Т.', 'Жалпаков Т.Т.', NULL, NULL),
(41, 'Ташимов Д.К.', 'Ташимов Д.К.', NULL, NULL),
(42, 'Олейник С.А.', 'Олейник С.А.', NULL, NULL),
(43, 'Тетерина С.В.', 'Тетерина С.В.', NULL, NULL),
(44, 'Крыжановский С.А.', 'Крыжановский С.А.', NULL, NULL),
(45, 'Турарханов Е.М.', 'Турарханов Е.М.', NULL, NULL),
(46, 'Нестеров И.Ю.', 'Нестеров И.Ю.', NULL, NULL),
(47, 'Исаханова Ж.Г.', 'Исаханова Ж.Г.', NULL, NULL),
(48, 'Султанбекова А.Е.', 'Султанбекова А.Е.', NULL, NULL),
(69, 'Мухамедьярова А.И.', 'Мухамедьярова А.И.', NULL, NULL),
(70, 'Майдисаров Н.С.', 'Майдисаров Н.С.', NULL, NULL),
(71, 'Бегембетов Д.М.', 'Бегембетов Д.М.', NULL, NULL),
(72, 'Баширова Г.К.', 'Баширова Г.К.', NULL, NULL),
(73, 'Алдажуманов Т.К.', 'Алдажуманов Т.К.', NULL, NULL),
(74, 'Арыкова А.А.', 'Арыкова А.А.', NULL, NULL),
(75, 'Алданов Р.А.', 'Алданов Р.А.', NULL, NULL),
(76, 'Ансабай А.А.', 'Ансабай А.А.', NULL, NULL),
(77, 'Исканова Г.Е.', 'Исканова Г.Е.', NULL, NULL),
(78, 'Льясова АА', 'Льясова АА', NULL, NULL),
(79, 'Садвокасова Г.К.', 'Садвокасова Г.К.', NULL, NULL),
(80, 'Жуматаева Р.К.', 'Жуматаева Р.К.', NULL, NULL),
(81, 'Окенов Р.Н.', 'Окенов Р.Н.', NULL, NULL),
(82, 'Шамгунова А.Е.', 'Шамгунова А.Е.', NULL, NULL),
(83, 'Қали А.С.', 'Қали А.С.', NULL, NULL),
(84, 'Мадениятова Г.Д.', 'Мадениятова Г.Д.', NULL, NULL),
(85, 'Жотеков А.Ш', 'Жотеков А.Ш', NULL, NULL),
(86, 'Сулейменова К.М.', 'Сулейменова К.М.', NULL, NULL),
(87, 'Зейнолла А.А.', 'Зейнолла А.А.', NULL, NULL),
(88, 'Магашев М.И.', 'Магашев М.И.', NULL, NULL),
(89, 'Ахменова А.Е.', 'Ахменова А.Е.', NULL, NULL),
(90, 'Жамбұл А.Қ.', 'Жамбұл А.Қ.', NULL, NULL),
(91, 'Кекина Е.А.', 'Кекина Е.А.', NULL, NULL),
(92, 'Айнабекова Б.О.', 'Айнабекова Б.О.', NULL, NULL),
(93, 'Альдекенов Т.С.', 'Альдекенов Т.С.', NULL, NULL),
(95, 'Измайлова Е.В.', 'Измайлова Е.В.', NULL, NULL),
(96, 'Смурыгин А.М.', 'Смурыгин А.М.', NULL, NULL),
(97, 'Брусенко В.С.', 'Брусенко В.С.', NULL, NULL),
(98, 'Табулдинов Б.К.', 'Табулдинов Б.К.', NULL, NULL),
(99, 'Канагатова М. С.', 'Канагатова М. С.', NULL, NULL),
(100, 'Мынгышева А. А.', 'Мынгышева А. А.', NULL, NULL),
(101, 'Жадрин А.Е.', 'Жадрин А.Е.', NULL, NULL),
(102, 'Нурмагамбетова Л.Б.', 'Нурмагамбетова Л.Б.', NULL, NULL),
(103, 'Солтанова А. М.', 'Солтанова А. М.', NULL, NULL),
(104, 'Пилипенко А. А.', 'Пилипенко А. А.', NULL, NULL),
(105, 'Аяпберген Н.Е.', 'Аяпберген Н.Е.', NULL, NULL),
(106, 'Канашева А. К.', 'Канашева А. К.', NULL, NULL),
(107, 'Мирбеков Б. С.', 'Мирбеков Б. С.', NULL, NULL),
(108, 'Малгаждарова М. К.', 'Малгаждарова М. К.', NULL, NULL),
(109, 'вак', 'вак', NULL, NULL),
(110, 'Ашимова А.К.', 'Ашимова А.К.', NULL, NULL),
(111, 'Косбармаков А.Д.', 'Косбармаков А.Д.', NULL, NULL),
(112, 'Рахметова М.А.', 'Рахметова М.А.', NULL, NULL),
(113, 'Қимадиден Г.А', 'Қимадиден Г.А', NULL, NULL),
(116, 'Волочаева А.А.', 'Волочаева А.А.', NULL, NULL),
(117, 'Нурмагамбетова Н.С.', 'Нурмагамбетова Н.С.', NULL, NULL),
(118, 'Курмангазина А.Ж.', 'Курмангазина А.Ж.', NULL, NULL),
(119, 'Бондарь В.Н.', 'Бондарь В.Н.', NULL, NULL),
(120, 'Нұрпеіс Н.Т.', 'Нұрпеіс Н.Т.', NULL, NULL);

-- --------------------------------------------------------

--
-- Структура таблицы `teacher_absences`
--

CREATE TABLE `teacher_absences` (
  `id` bigint UNSIGNED NOT NULL,
  `teacher_id` bigint UNSIGNED NOT NULL,
  `type` enum('ill','trip') COLLATE utf8mb4_unicode_ci NOT NULL,
  `period_from` date NOT NULL,
  `period_to` date NOT NULL,
  `comment` varchar(255) COLLATE utf8mb4_unicode_ci DEFAULT NULL,
  `created_at` timestamp NULL DEFAULT NULL,
  `updated_at` timestamp NULL DEFAULT NULL
) ENGINE=InnoDB DEFAULT CHARSET=utf8mb4 COLLATE=utf8mb4_unicode_ci;

-- --------------------------------------------------------

--
-- Структура таблицы `teacher_replacements`
--

CREATE TABLE `teacher_replacements` (
  `id` bigint UNSIGNED NOT NULL,
  `teacher_id` bigint UNSIGNED DEFAULT NULL,
  `subject_id` bigint UNSIGNED DEFAULT NULL,
  `replace_date` date NOT NULL,
  `created_at` timestamp NULL DEFAULT NULL,
  `updated_at` timestamp NULL DEFAULT NULL
) ENGINE=InnoDB DEFAULT CHARSET=utf8mb4 COLLATE=utf8mb4_unicode_ci;

-- --------------------------------------------------------

--
-- Структура таблицы `teacher_work_days`
--

CREATE TABLE `teacher_work_days` (
  `id` bigint UNSIGNED NOT NULL,
  `teacher_id` bigint UNSIGNED NOT NULL,
  `work_date` date NOT NULL,
  `hours` decimal(4,2) NOT NULL DEFAULT '0.00',
  `module_id` bigint UNSIGNED DEFAULT NULL,
  `subject_id` bigint UNSIGNED DEFAULT NULL,
  `created_at` timestamp NULL DEFAULT NULL,
  `updated_at` timestamp NULL DEFAULT NULL
) ENGINE=InnoDB DEFAULT CHARSET=utf8mb4 COLLATE=utf8mb4_unicode_ci;

-- --------------------------------------------------------

--
-- Структура таблицы `teacher_work_hours`
--

CREATE TABLE `teacher_work_hours` (
  `id` bigint UNSIGNED NOT NULL,
  `teacher_id` bigint UNSIGNED NOT NULL,
  `month` tinyint UNSIGNED NOT NULL,
  `year` smallint UNSIGNED NOT NULL,
  `total_hours` decimal(5,2) NOT NULL DEFAULT '0.00',
  `daily_hours` longtext CHARACTER SET utf8mb4 COLLATE utf8mb4_bin,
  `created_at` timestamp NULL DEFAULT NULL,
  `updated_at` timestamp NULL DEFAULT NULL
) ;

-- --------------------------------------------------------

--
-- Структура таблицы `users`
--

CREATE TABLE `users` (
  `id` bigint UNSIGNED NOT NULL,
  `name` varchar(255) COLLATE utf8mb4_unicode_ci NOT NULL,
  `email` varchar(255) COLLATE utf8mb4_unicode_ci NOT NULL,
  `email_verified_at` timestamp NULL DEFAULT NULL,
  `password` varchar(255) COLLATE utf8mb4_unicode_ci NOT NULL,
  `remember_token` varchar(100) COLLATE utf8mb4_unicode_ci DEFAULT NULL,
  `created_at` timestamp NULL DEFAULT NULL,
  `updated_at` timestamp NULL DEFAULT NULL
) ENGINE=InnoDB DEFAULT CHARSET=utf8mb4 COLLATE=utf8mb4_unicode_ci;

--
-- Индексы сохранённых таблиц
--

--
-- Индексы таблицы `cache`
--
ALTER TABLE `cache`
  ADD PRIMARY KEY (`key`);

--
-- Индексы таблицы `cache_locks`
--
ALTER TABLE `cache_locks`
  ADD PRIMARY KEY (`key`);

--
-- Индексы таблицы `failed_jobs`
--
ALTER TABLE `failed_jobs`
  ADD PRIMARY KEY (`id`),
  ADD UNIQUE KEY `failed_jobs_uuid_unique` (`uuid`);

--
-- Индексы таблицы `first_course_schedules`
--
ALTER TABLE `first_course_schedules`
  ADD PRIMARY KEY (`id`),
  ADD UNIQUE KEY `fcs_group_day_lesson_subgroup` (`group_id`,`study_day`,`lesson_number`,`subgroup`),
  ADD KEY `first_course_schedules_subject_id_foreign` (`subject_id`),
  ADD KEY `first_course_schedules_teacher_id_index` (`teacher_id`),
  ADD KEY `first_course_schedules_room_id_foreign` (`room_id`);

--
-- Индексы таблицы `first_course_subjects`
--
ALTER TABLE `first_course_subjects`
  ADD PRIMARY KEY (`id`);

--
-- Индексы таблицы `groups`
--
ALTER TABLE `groups`
  ADD PRIMARY KEY (`id`),
  ADD UNIQUE KEY `groups_group_name_unique` (`group_name`),
  ADD UNIQUE KEY `group_unique_internal` (`specialty_id`,`year`,`group_number`,`subgroup`);

--
-- Индексы таблицы `history_schedule_changes`
--
ALTER TABLE `history_schedule_changes`
  ADD PRIMARY KEY (`id`),
  ADD KEY `history_schedule_changes_schedule_id_idx` (`schedule_id`);

--
-- Индексы таблицы `jobs`
--
ALTER TABLE `jobs`
  ADD PRIMARY KEY (`id`),
  ADD KEY `jobs_queue_index` (`queue`);

--
-- Индексы таблицы `job_batches`
--
ALTER TABLE `job_batches`
  ADD PRIMARY KEY (`id`);

--
-- Индексы таблицы `migrations`
--
ALTER TABLE `migrations`
  ADD PRIMARY KEY (`id`);

--
-- Индексы таблицы `modules`
--
ALTER TABLE `modules`
  ADD PRIMARY KEY (`id`);

--
-- Индексы таблицы `password_reset_tokens`
--
ALTER TABLE `password_reset_tokens`
  ADD PRIMARY KEY (`email`);

--
-- Индексы таблицы `rooms`
--
ALTER TABLE `rooms`
  ADD PRIMARY KEY (`id`);

--
-- Индексы таблицы `schedules`
--
ALTER TABLE `schedules`
  ADD PRIMARY KEY (`id`),
  ADD UNIQUE KEY `group_room_unique` (`group_id`,`subgroup`,`study_day`,`lesson_number`,`room_id`),
  ADD UNIQUE KEY `teacher_unique` (`teacher_id`,`study_day`,`lesson_number`),
  ADD KEY `schedules_module_id_foreign` (`module_id`),
  ADD KEY `schedules_subject_id_foreign` (`subject_id`),
  ADD KEY `schedules_room_id_foreign` (`room_id`);

--
-- Индексы таблицы `schedule_replacements`
--
ALTER TABLE `schedule_replacements`
  ADD PRIMARY KEY (`id`),
  ADD KEY `schedule_replacements_schedule_id_idx` (`schedule_id`),
  ADD KEY `schedule_replacements_replaced_teacher_id_idx` (`replaced_teacher_id`),
  ADD KEY `schedule_replacements_replacement_teacher_id_idx` (`replacement_teacher_id`);

--
-- Индексы таблицы `sessions`
--
ALTER TABLE `sessions`
  ADD PRIMARY KEY (`id`),
  ADD KEY `sessions_user_id_index` (`user_id`),
  ADD KEY `sessions_last_activity_index` (`last_activity`);

--
-- Индексы таблицы `specialties`
--
ALTER TABLE `specialties`
  ADD PRIMARY KEY (`id`);

--
-- Индексы таблицы `subjects`
--
ALTER TABLE `subjects`
  ADD PRIMARY KEY (`id`),
  ADD KEY `subjects_module_id_foreign` (`module_id`);

--
-- Индексы таблицы `teachers`
--
ALTER TABLE `teachers`
  ADD PRIMARY KEY (`id`);

--
-- Индексы таблицы `teacher_absences`
--
ALTER TABLE `teacher_absences`
  ADD PRIMARY KEY (`id`),
  ADD KEY `teacher_absences_teacher_period_idx` (`teacher_id`,`period_from`,`period_to`);

--
-- Индексы таблицы `teacher_replacements`
--
ALTER TABLE `teacher_replacements`
  ADD PRIMARY KEY (`id`),
  ADD KEY `teacher_replacements_teacher_id_foreign` (`teacher_id`),
  ADD KEY `teacher_replacements_subject_id_foreign` (`subject_id`);

--
-- Индексы таблицы `teacher_work_days`
--
ALTER TABLE `teacher_work_days`
  ADD PRIMARY KEY (`id`),
  ADD UNIQUE KEY `teacher_day_unique` (`teacher_id`,`work_date`,`module_id`,`subject_id`),
  ADD KEY `teacher_work_days_module_id_foreign` (`module_id`),
  ADD KEY `teacher_work_days_subject_id_foreign` (`subject_id`);

--
-- Индексы таблицы `teacher_work_hours`
--
ALTER TABLE `teacher_work_hours`
  ADD PRIMARY KEY (`id`),
  ADD UNIQUE KEY `teacher_month_unique` (`teacher_id`,`month`,`year`);

--
-- Индексы таблицы `users`
--
ALTER TABLE `users`
  ADD PRIMARY KEY (`id`),
  ADD UNIQUE KEY `users_email_unique` (`email`);

--
-- AUTO_INCREMENT для сохранённых таблиц
--

--
-- AUTO_INCREMENT для таблицы `failed_jobs`
--
ALTER TABLE `failed_jobs`
  MODIFY `id` bigint UNSIGNED NOT NULL AUTO_INCREMENT;

--
-- AUTO_INCREMENT для таблицы `first_course_schedules`
--
ALTER TABLE `first_course_schedules`
  MODIFY `id` bigint UNSIGNED NOT NULL AUTO_INCREMENT, AUTO_INCREMENT=127;

--
-- AUTO_INCREMENT для таблицы `first_course_subjects`
--
ALTER TABLE `first_course_subjects`
  MODIFY `id` bigint UNSIGNED NOT NULL AUTO_INCREMENT, AUTO_INCREMENT=39;

--
-- AUTO_INCREMENT для таблицы `groups`
--
ALTER TABLE `groups`
  MODIFY `id` bigint UNSIGNED NOT NULL AUTO_INCREMENT, AUTO_INCREMENT=242;

--
-- AUTO_INCREMENT для таблицы `history_schedule_changes`
--
ALTER TABLE `history_schedule_changes`
  MODIFY `id` bigint UNSIGNED NOT NULL AUTO_INCREMENT;

--
-- AUTO_INCREMENT для таблицы `jobs`
--
ALTER TABLE `jobs`
  MODIFY `id` bigint UNSIGNED NOT NULL AUTO_INCREMENT;

--
-- AUTO_INCREMENT для таблицы `migrations`
--
ALTER TABLE `migrations`
  MODIFY `id` int UNSIGNED NOT NULL AUTO_INCREMENT, AUTO_INCREMENT=19;

--
-- AUTO_INCREMENT для таблицы `modules`
--
ALTER TABLE `modules`
  MODIFY `id` bigint UNSIGNED NOT NULL AUTO_INCREMENT, AUTO_INCREMENT=103;

--
-- AUTO_INCREMENT для таблицы `rooms`
--
ALTER TABLE `rooms`
  MODIFY `id` bigint UNSIGNED NOT NULL AUTO_INCREMENT, AUTO_INCREMENT=77;

--
-- AUTO_INCREMENT для таблицы `schedules`
--
ALTER TABLE `schedules`
  MODIFY `id` bigint UNSIGNED NOT NULL AUTO_INCREMENT, AUTO_INCREMENT=444;

--
-- AUTO_INCREMENT для таблицы `schedule_replacements`
--
ALTER TABLE `schedule_replacements`
  MODIFY `id` bigint UNSIGNED NOT NULL AUTO_INCREMENT;

--
-- AUTO_INCREMENT для таблицы `specialties`
--
ALTER TABLE `specialties`
  MODIFY `id` bigint UNSIGNED NOT NULL AUTO_INCREMENT, AUTO_INCREMENT=5;

--
-- AUTO_INCREMENT для таблицы `subjects`
--
ALTER TABLE `subjects`
  MODIFY `id` bigint UNSIGNED NOT NULL AUTO_INCREMENT, AUTO_INCREMENT=215;

--
-- AUTO_INCREMENT для таблицы `teachers`
--
ALTER TABLE `teachers`
  MODIFY `id` bigint UNSIGNED NOT NULL AUTO_INCREMENT, AUTO_INCREMENT=121;

--
-- AUTO_INCREMENT для таблицы `teacher_absences`
--
ALTER TABLE `teacher_absences`
  MODIFY `id` bigint UNSIGNED NOT NULL AUTO_INCREMENT;

--
-- AUTO_INCREMENT для таблицы `teacher_replacements`
--
ALTER TABLE `teacher_replacements`
  MODIFY `id` bigint UNSIGNED NOT NULL AUTO_INCREMENT;

--
-- AUTO_INCREMENT для таблицы `teacher_work_days`
--
ALTER TABLE `teacher_work_days`
  MODIFY `id` bigint UNSIGNED NOT NULL AUTO_INCREMENT;

--
-- AUTO_INCREMENT для таблицы `teacher_work_hours`
--
ALTER TABLE `teacher_work_hours`
  MODIFY `id` bigint UNSIGNED NOT NULL AUTO_INCREMENT;

--
-- AUTO_INCREMENT для таблицы `users`
--
ALTER TABLE `users`
  MODIFY `id` bigint UNSIGNED NOT NULL AUTO_INCREMENT;

--
-- Ограничения внешнего ключа сохраненных таблиц
--

--
-- Ограничения внешнего ключа таблицы `first_course_schedules`
--
ALTER TABLE `first_course_schedules`
  ADD CONSTRAINT `first_course_schedules_group_id_foreign` FOREIGN KEY (`group_id`) REFERENCES `groups` (`id`) ON DELETE CASCADE,
  ADD CONSTRAINT `first_course_schedules_room_id_foreign` FOREIGN KEY (`room_id`) REFERENCES `rooms` (`id`) ON DELETE SET NULL,
  ADD CONSTRAINT `first_course_schedules_subject_id_foreign` FOREIGN KEY (`subject_id`) REFERENCES `first_course_subjects` (`id`) ON DELETE SET NULL;

--
-- Ограничения внешнего ключа таблицы `groups`
--
ALTER TABLE `groups`
  ADD CONSTRAINT `groups_specialty_id_foreign` FOREIGN KEY (`specialty_id`) REFERENCES `specialties` (`id`) ON DELETE CASCADE ON UPDATE CASCADE;

--
-- Ограничения внешнего ключа таблицы `history_schedule_changes`
--
ALTER TABLE `history_schedule_changes`
  ADD CONSTRAINT `history_schedule_changes_schedule_id_fk` FOREIGN KEY (`schedule_id`) REFERENCES `schedules` (`id`) ON DELETE CASCADE ON UPDATE CASCADE;

--
-- Ограничения внешнего ключа таблицы `schedules`
--
ALTER TABLE `schedules`
  ADD CONSTRAINT `schedules_group_id_foreign` FOREIGN KEY (`group_id`) REFERENCES `groups` (`id`) ON DELETE CASCADE ON UPDATE CASCADE,
  ADD CONSTRAINT `schedules_module_id_foreign` FOREIGN KEY (`module_id`) REFERENCES `modules` (`id`) ON DELETE CASCADE ON UPDATE CASCADE,
  ADD CONSTRAINT `schedules_room_id_foreign` FOREIGN KEY (`room_id`) REFERENCES `rooms` (`id`) ON DELETE CASCADE ON UPDATE CASCADE,
  ADD CONSTRAINT `schedules_subject_id_foreign` FOREIGN KEY (`subject_id`) REFERENCES `subjects` (`id`) ON DELETE CASCADE ON UPDATE CASCADE,
  ADD CONSTRAINT `schedules_teacher_id_foreign` FOREIGN KEY (`teacher_id`) REFERENCES `teachers` (`id`) ON DELETE CASCADE ON UPDATE CASCADE;

--
-- Ограничения внешнего ключа таблицы `schedule_replacements`
--
ALTER TABLE `schedule_replacements`
  ADD CONSTRAINT `schedule_replacements_replaced_teacher_id_fk` FOREIGN KEY (`replaced_teacher_id`) REFERENCES `teachers` (`id`) ON DELETE CASCADE ON UPDATE CASCADE,
  ADD CONSTRAINT `schedule_replacements_replacement_teacher_id_fk` FOREIGN KEY (`replacement_teacher_id`) REFERENCES `teachers` (`id`) ON DELETE CASCADE ON UPDATE CASCADE,
  ADD CONSTRAINT `schedule_replacements_schedule_id_fk` FOREIGN KEY (`schedule_id`) REFERENCES `schedules` (`id`) ON DELETE CASCADE ON UPDATE CASCADE;

--
-- Ограничения внешнего ключа таблицы `subjects`
--
ALTER TABLE `subjects`
  ADD CONSTRAINT `subjects_module_id_foreign` FOREIGN KEY (`module_id`) REFERENCES `modules` (`id`) ON DELETE CASCADE ON UPDATE CASCADE;

--
-- Ограничения внешнего ключа таблицы `teacher_absences`
--
ALTER TABLE `teacher_absences`
  ADD CONSTRAINT `teacher_absences_teacher_id_fk` FOREIGN KEY (`teacher_id`) REFERENCES `teachers` (`id`) ON DELETE CASCADE ON UPDATE CASCADE;

--
-- Ограничения внешнего ключа таблицы `teacher_replacements`
--
ALTER TABLE `teacher_replacements`
  ADD CONSTRAINT `teacher_replacements_subject_id_foreign` FOREIGN KEY (`subject_id`) REFERENCES `subjects` (`id`) ON DELETE CASCADE ON UPDATE CASCADE,
  ADD CONSTRAINT `teacher_replacements_teacher_id_foreign` FOREIGN KEY (`teacher_id`) REFERENCES `teachers` (`id`) ON DELETE CASCADE ON UPDATE CASCADE;

--
-- Ограничения внешнего ключа таблицы `teacher_work_days`
--
ALTER TABLE `teacher_work_days`
  ADD CONSTRAINT `teacher_work_days_module_id_foreign` FOREIGN KEY (`module_id`) REFERENCES `modules` (`id`) ON DELETE CASCADE ON UPDATE CASCADE,
  ADD CONSTRAINT `teacher_work_days_subject_id_foreign` FOREIGN KEY (`subject_id`) REFERENCES `subjects` (`id`) ON DELETE CASCADE ON UPDATE CASCADE,
  ADD CONSTRAINT `teacher_work_days_teacher_id_foreign` FOREIGN KEY (`teacher_id`) REFERENCES `teachers` (`id`) ON DELETE CASCADE ON UPDATE CASCADE;

--
-- Ограничения внешнего ключа таблицы `teacher_work_hours`
--
ALTER TABLE `teacher_work_hours`
  ADD CONSTRAINT `teacher_work_hours_teacher_id_foreign` FOREIGN KEY (`teacher_id`) REFERENCES `teachers` (`id`) ON DELETE CASCADE ON UPDATE CASCADE;
COMMIT;

/*!40101 SET CHARACTER_SET_CLIENT=@OLD_CHARACTER_SET_CLIENT */;
/*!40101 SET CHARACTER_SET_RESULTS=@OLD_CHARACTER_SET_RESULTS */;
/*!40101 SET COLLATION_CONNECTION=@OLD_COLLATION_CONNECTION */;
